configurationID,H264,no_8x8dct,no_asm,no_cabac,no_deblock,no_fast_pskip,no_mbtree,no_mixed_refs,no_weightb,rc_lookahead,ref,size,usertime,systemtime,elapsedtime
1,true,true,false,false,true,true,false,true,true,20,9,3115322,42.480,0.468,4.458
10,true,true,false,true,false,true,false,false,true,40,9,3545312,49.212,0.500,5.564
100,true,true,false,false,true,false,true,true,false,40,1,4259350,28.524,0.388,2.727
1000,true,true,false,true,false,true,true,true,false,40,9,4809517,44.448,0.420,4.229
1001,true,false,false,false,true,false,false,true,false,60,5,3152693,34.228,0.524,4.123
1002,true,false,false,true,false,true,false,false,false,60,5,3578470,40.008,0.540,4.896
1003,true,false,false,false,true,false,false,true,false,60,1,3171209,28.508,0.380,3.738
1004,true,false,false,true,false,true,false,false,false,60,1,3596232,28.916,0.508,3.902
1005,true,true,false,false,true,true,false,false,true,60,1,3165441,27.116,0.488,3.715
1006,true,true,false,false,true,true,false,false,true,60,9,3126601,50.088,0.476,5.788
1007,true,true,false,false,true,true,false,false,true,60,5,3130974,38.100,0.452,4.561
1008,true,false,false,false,true,false,false,true,false,60,9,3149124,41.884,0.584,4.704
1009,true,false,false,true,true,false,false,false,true,20,1,3620772,27.520,0.372,3.141
101,true,false,false,false,false,false,true,false,false,40,5,4205066,41.236,0.464,4.250
1010,true,false,false,true,false,true,false,false,false,60,9,3571769,51.840,0.604,6.124
1011,true,true,false,true,true,true,false,false,false,20,1,3572968,26.024,0.404,3.161
1012,true,false,false,true,true,true,true,false,false,60,5,4881754,42.568,0.332,4.358
1013,true,false,false,true,true,true,true,true,false,40,1,4919424,30.712,0.364,2.847
1014,true,false,false,true,true,true,true,false,false,60,1,4919424,30.660,0.328,2.816
1015,true,true,false,true,true,true,false,false,false,20,9,3532260,48.676,0.508,5.428
1016,true,true,false,true,true,true,false,false,false,20,5,3539253,36.688,0.448,4.086
1017,true,true,false,true,false,false,false,true,false,60,1,3539370,26.364,0.532,3.722
1018,true,false,false,true,true,true,true,true,false,40,9,4908061,46.864,0.388,4.426
1019,true,true,false,true,false,true,true,true,false,60,1,4827804,28.328,0.356,2.724
102,true,true,false,true,false,true,true,false,false,40,1,4827804,28.196,0.400,2.677
1020,true,false,false,true,true,true,true,true,false,40,5,4906242,37.520,0.436,3.544
1021,true,false,false,true,true,true,true,false,false,60,9,4878410,55.276,0.552,6.011
1022,true,true,false,true,false,true,true,true,false,60,5,4818076,35.172,0.408,3.327
1023,true,false,false,true,false,true,false,true,false,60,1,3596232,28.676,0.516,3.864
1024,true,true,false,true,false,true,true,true,false,60,9,4809517,44.308,0.516,4.249
1025,true,false,false,true,false,false,true,false,true,20,9,4880464,52.696,0.492,5.628
1026,true,true,false,false,true,true,false,true,false,60,1,3142869,27.184,0.476,3.789
1027,true,false,false,true,false,false,true,false,true,20,1,4921320,30.580,0.332,2.830
1028,true,false,false,true,false,false,true,false,true,20,5,4890630,41.300,0.488,4.232
1029,true,true,false,false,true,true,false,true,false,60,9,3119676,43.024,0.412,4.564
103,true,true,false,false,true,false,true,true,false,40,5,4233273,34.244,0.408,3.242
1030,true,false,false,false,true,false,false,false,true,20,9,3133250,48.824,0.508,5.484
1031,true,true,false,true,false,false,false,true,false,60,5,3523418,32.140,0.416,3.938
1032,true,true,false,true,true,true,false,true,true,40,9,3614882,42.320,0.420,4.380
1033,true,false,false,false,true,false,false,false,true,20,5,3136177,37.956,0.508,4.281
1034,true,true,false,false,true,true,false,true,false,60,5,3120886,34.016,0.500,4.076
1035,true,true,false,true,false,false,false,true,false,60,9,3517239,39.792,0.480,4.588
1036,true,false,false,false,true,false,false,false,true,20,1,3162368,27.744,0.452,3.176
1037,true,false,false,true,false,true,false,true,false,60,9,3591610,44.896,0.492,4.909
1038,true,true,false,true,true,true,false,false,true,60,5,3599361,37.604,0.576,4.519
1039,true,true,false,true,true,true,false,true,true,40,1,3630937,26.708,0.448,3.592
104,true,false,false,false,false,false,true,false,false,40,1,4231791,30.588,0.384,2.904
1040,true,false,false,true,false,true,false,true,false,60,5,3599634,35.676,0.544,4.227
1041,true,true,false,true,true,true,false,false,true,60,9,3590448,49.660,0.520,5.746
1042,true,true,false,true,true,true,false,true,true,40,5,3621315,33.200,0.448,3.801
1043,true,false,false,true,true,true,true,false,false,40,5,4881754,42.472,0.508,4.417
1044,true,false,false,true,true,true,true,true,false,20,1,4919424,30.524,0.404,2.891
1045,true,true,false,true,true,true,false,false,false,40,1,3598392,26.240,0.416,3.416
1046,true,false,false,true,true,true,true,false,false,40,1,4919424,30.720,0.348,2.862
1047,true,true,false,false,false,true,false,false,true,20,9,3054365,49.108,0.484,5.310
1048,true,true,false,true,true,true,false,false,false,40,9,3556803,49.032,0.540,5.571
1049,true,true,false,true,true,true,false,true,false,20,5,3563959,32.844,0.388,3.482
105,true,true,false,true,false,true,true,false,false,40,5,4790302,39.740,0.352,4.073
1050,true,true,false,false,false,true,false,false,true,20,5,3058038,37.140,0.452,4.040
1051,true,true,false,true,true,true,false,true,false,20,1,3572968,25.904,0.376,3.152
1052,true,true,false,true,true,true,false,false,false,40,5,3566243,37.148,0.552,4.398
1053,true,true,false,false,false,true,false,false,true,20,1,3086070,26.396,0.464,3.136
1054,true,false,false,true,false,false,true,false,true,40,1,4921320,30.508,0.356,2.835
1055,true,false,false,true,true,true,true,true,false,20,9,4908061,46.604,0.520,4.414
1056,true,false,false,true,true,true,true,false,false,40,9,4878410,55.360,0.472,5.994
1057,true,false,false,true,true,true,true,true,false,20,5,4906242,37.492,0.352,3.530
1058,true,false,false,true,false,false,true,true,true,20,9,4910524,44.316,0.480,4.088
1059,true,false,false,true,false,false,true,false,true,40,5,4890630,41.348,0.408,4.236
106,true,true,false,false,true,false,true,true,false,40,9,4235548,42.336,0.384,3.928
1060,true,false,false,true,false,false,true,true,true,20,1,4921320,30.488,0.404,2.827
1061,true,true,false,false,true,true,false,true,false,40,1,3139521,26.660,0.456,3.368
1062,true,true,false,false,true,true,false,false,false,60,5,3103750,38.052,0.520,4.614
1063,true,false,false,true,false,false,true,false,true,40,9,4880464,52.816,0.464,5.644
1064,true,false,false,true,false,false,true,true,true,20,5,4921008,36.268,0.452,3.399
1065,true,true,false,false,true,true,false,false,false,60,1,3142869,27.200,0.432,3.690
1066,true,true,false,true,true,true,false,true,true,60,9,3618120,42.580,0.464,4.631
1067,true,true,false,false,true,true,false,true,false,40,9,3116154,42.692,0.392,4.542
1068,true,true,false,false,true,true,false,true,false,40,5,3118099,33.568,0.512,3.790
1069,true,true,false,true,true,true,false,true,false,20,9,3557365,41.832,0.412,4.174
107,true,false,false,false,false,false,false,true,false,20,1,3104109,27.992,0.364,3.182
1070,true,true,false,false,true,true,false,false,false,60,9,3102202,50.196,0.524,5.896
1071,true,true,false,true,true,true,false,true,true,60,1,3633280,26.660,0.472,3.744
1072,true,true,false,true,true,true,false,true,true,60,5,3625505,33.488,0.432,3.931
1073,true,false,false,true,true,true,true,false,false,20,1,4919424,30.628,0.376,2.882
1074,true,false,false,false,true,false,false,true,true,20,9,3147322,40.948,0.460,4.081
1075,true,true,false,true,false,false,false,false,false,40,1,3536712,26.020,0.356,3.384
1076,true,false,false,false,true,true,true,false,false,60,9,4250830,55.584,0.492,6.033
1077,true,false,false,true,false,false,true,true,false,60,9,4853029,44.372,0.464,4.157
1078,true,false,false,false,true,true,true,true,false,40,5,4262609,37.552,0.436,3.528
1079,true,false,false,false,true,true,true,true,false,40,9,4266767,46.828,0.444,4.443
108,true,true,false,true,false,true,true,false,false,40,9,4779404,52.180,0.448,5.584
1080,true,false,false,true,false,false,true,false,true,60,1,4921320,30.560,0.336,2.848
1081,true,false,false,true,true,true,true,false,false,20,9,4878410,55.272,0.444,5.966
1082,true,false,false,false,true,true,true,false,false,60,1,4280120,30.724,0.352,2.838
1083,true,false,false,true,false,false,true,true,false,60,1,4862854,30.464,0.292,2.789
1084,true,false,false,true,true,true,true,false,false,20,5,4881754,42.320,0.460,4.370
1085,true,false,false,true,false,false,true,true,false,60,5,4852640,36.408,0.360,3.456
1086,true,false,false,false,true,true,true,false,false,60,5,4249384,42.752,0.448,4.401
1087,true,false,false,false,true,true,true,true,false,40,1,4280120,30.756,0.380,2.899
1088,true,true,false,false,true,false,true,false,true,20,1,4302746,28.492,0.360,2.718
1089,true,false,false,true,false,false,true,true,true,40,9,4910524,44.500,0.424,4.208
109,true,false,false,false,true,false,false,false,false,60,9,3139019,49.816,0.540,5.990
1090,true,true,false,false,true,false,true,false,true,20,5,4259343,39.060,0.472,3.985
1091,true,true,false,true,false,false,false,true,true,60,9,3546396,39.752,0.524,4.503
1092,true,true,false,false,true,false,true,false,true,20,9,4257554,50.332,0.492,5.242
1093,true,false,false,true,false,false,true,false,true,60,5,4890630,41.264,0.408,4.228
1094,true,false,false,true,false,false,true,true,true,40,1,4921320,30.544,0.324,2.805
1095,true,false,false,true,false,false,true,false,true,60,9,4880464,52.780,0.516,5.603
1096,true,false,false,true,false,false,true,true,true,40,5,4921008,36.436,0.432,3.463
1097,true,true,false,true,false,false,false,false,false,40,5,3498245,35.652,0.508,4.329
1098,true,true,false,true,true,true,false,false,true,20,9,3560739,48.924,0.432,5.363
1099,true,true,false,true,false,false,false,true,false,20,1,3508747,25.668,0.436,3.146
11,true,false,false,true,true,true,true,false,true,40,1,4977216,30.772,0.308,2.880
110,true,false,false,false,false,false,false,true,false,20,5,3090256,33.356,0.428,3.522
1100,true,false,false,false,true,false,false,true,true,40,9,3175611,41.588,0.500,4.414
1101,true,false,false,false,true,false,false,false,true,60,9,3164738,49.564,0.516,5.830
1102,true,true,false,true,false,false,false,false,false,40,9,3490114,46.244,0.476,5.391
1103,true,false,false,false,true,false,false,true,true,40,5,3173764,33.684,0.432,3.743
1104,true,true,false,true,false,false,false,true,false,20,5,3492629,31.284,0.492,3.412
1105,true,false,false,false,true,false,false,false,true,60,5,3169520,38.580,0.500,4.645
1106,true,true,false,true,false,false,false,true,true,60,5,3555676,32.004,0.484,4.013
1107,true,true,false,true,true,true,false,false,true,20,1,3600367,25.904,0.432,3.108
1108,true,false,false,false,true,false,false,true,true,40,1,3191928,28.276,0.416,3.534
1109,true,true,false,true,false,false,false,true,false,20,9,3490639,38.804,0.456,3.942
111,true,false,false,false,false,true,true,false,false,20,1,4243703,30.688,0.396,2.840
1110,true,false,false,false,true,false,false,false,true,60,1,3194477,28.684,0.536,3.858
1111,true,true,false,true,false,false,false,true,true,60,1,3568312,26.572,0.412,3.766
1112,true,true,false,true,true,true,false,false,true,20,5,3574283,36.844,0.408,4.034
1113,true,true,false,true,true,true,false,false,true,60,1,3633280,27.052,0.452,3.789
1114,true,true,false,true,false,false,false,false,false,60,1,3539370,26.304,0.572,3.732
1115,true,true,false,true,false,false,false,false,false,60,5,3503091,35.736,0.616,4.515
1116,true,true,false,true,false,false,false,true,false,40,1,3536712,26.308,0.356,3.441
1117,true,false,false,true,false,false,true,false,false,60,9,4822980,52.656,0.504,5.678
1118,true,false,false,true,false,false,true,true,false,40,5,4852640,36.412,0.400,3.455
1119,true,false,false,false,true,true,true,true,false,60,9,4266767,46.888,0.488,4.411
112,true,false,false,false,true,false,false,false,false,60,5,3142802,38.844,0.584,4.832
1120,true,false,false,true,true,true,true,false,true,20,5,4948885,42.620,0.384,4.311
1121,true,false,false,true,false,false,true,true,false,40,9,4853029,44.240,0.484,4.148
1122,true,false,false,true,false,false,true,true,true,60,1,4921320,30.484,0.352,2.842
1123,true,false,false,true,true,true,true,false,true,20,1,4977216,30.672,0.348,2.864
1124,true,false,false,false,true,true,true,true,false,60,1,4280120,30.660,0.388,2.833
1125,true,false,false,true,false,false,true,false,false,60,1,4862854,30.372,0.396,2.821
1126,true,false,false,false,true,true,true,true,false,60,5,4262609,37.468,0.404,3.525
1127,true,false,false,true,false,false,true,false,false,60,5,4829543,41.056,0.424,4.242
1128,true,false,false,true,false,false,true,true,false,40,1,4862854,30.440,0.412,2.883
1129,true,true,false,false,true,false,true,false,true,60,1,4302746,28.448,0.348,2.676
113,true,false,false,false,false,false,false,true,false,20,9,3090474,40.984,0.456,4.138
1130,true,true,false,false,true,false,true,false,true,40,1,4302746,28.532,0.308,2.679
1131,true,true,false,false,true,false,true,true,true,20,1,4302746,28.560,0.368,2.733
1132,true,true,false,false,true,false,true,false,true,40,5,4259343,38.920,0.436,3.935
1133,true,false,false,true,false,false,true,true,true,60,5,4921008,36.416,0.348,3.427
1134,true,true,false,false,true,false,true,true,true,20,5,4279558,34.228,0.384,3.219
1135,true,true,false,false,true,false,true,false,true,40,9,4257554,50.236,0.452,5.223
1136,true,false,false,true,false,false,true,true,true,60,9,4910524,44.460,0.428,4.147
1137,true,false,false,true,true,true,true,false,true,20,9,4938462,55.680,0.512,5.897
1138,true,true,false,false,true,false,true,true,true,20,9,4277111,42.224,0.440,3.894
1139,true,true,false,true,true,true,false,false,true,40,9,3588415,48.972,0.488,5.527
114,true,false,false,false,false,true,true,false,false,20,5,4212762,42.592,0.424,4.409
1140,true,true,false,true,false,false,false,false,false,60,9,3492097,46.000,0.588,5.514
1141,true,true,false,true,false,false,false,true,false,40,5,3518379,31.792,0.528,3.809
1142,true,false,false,false,true,false,false,true,true,20,5,3148848,33.244,0.444,3.515
1143,true,true,false,true,true,true,false,true,true,20,5,3594396,32.656,0.452,3.441
1144,true,false,false,false,true,false,false,false,true,40,9,3161994,49.504,0.548,5.732
1145,true,false,false,false,true,false,false,true,true,20,1,3162368,27.584,0.392,3.098
1146,true,true,false,true,false,false,false,true,false,40,9,3515239,39.212,0.512,4.189
1147,true,true,false,true,true,true,false,true,true,20,9,3586007,41.792,0.464,4.174
1148,true,false,false,false,true,false,false,false,true,40,5,3166694,38.344,0.440,4.509
1149,true,true,false,true,true,true,false,false,true,40,1,3630937,26.316,0.444,3.411
115,true,false,false,false,false,true,false,false,true,60,9,3145319,52.996,0.604,6.161
1150,true,false,false,false,true,false,false,false,true,40,1,3191928,28.000,0.464,3.480
1151,true,true,false,true,true,true,false,false,true,40,5,3597500,37.140,0.528,4.330
1152,true,true,false,true,true,true,false,true,true,20,1,3600367,26.096,0.404,3.150
116,true,false,false,false,true,false,false,false,false,60,1,3171209,28.440,0.516,3.743
117,true,false,false,false,false,true,true,false,false,20,9,4215327,55.644,0.488,6.036
118,true,false,false,false,false,true,false,false,true,60,5,3152500,40.332,0.528,4.814
119,true,true,false,false,true,true,true,true,false,20,9,4243834,44.612,0.420,4.235
12,true,true,false,false,true,false,false,true,true,40,5,3127723,32.020,0.452,3.695
120,true,false,false,false,false,true,false,false,true,60,1,3172232,29.160,0.424,3.922
121,true,true,false,false,false,true,true,true,true,40,5,4246761,35.724,0.372,3.342
122,true,true,false,false,false,true,true,true,true,40,9,4243720,45.040,0.476,4.189
123,true,true,false,false,true,true,true,true,false,20,1,4264726,28.644,0.376,2.708
124,true,true,false,false,true,true,false,true,true,60,5,3142990,33.876,0.452,3.975
125,true,true,false,false,true,true,true,true,false,20,5,4241577,35.448,0.384,3.320
126,true,true,false,false,true,true,false,true,true,60,1,3165441,27.036,0.480,3.667
127,true,true,false,false,true,true,false,true,true,40,9,3135866,42.716,0.496,4.377
128,true,false,false,false,false,false,true,false,false,60,9,4200476,52.876,0.460,5.714
129,true,false,false,false,false,true,true,false,true,20,1,4286721,30.840,0.324,2.875
13,true,true,false,true,false,true,false,false,true,40,5,3555447,37.236,0.508,4.347
130,true,false,false,true,true,true,false,true,false,40,9,3631652,44.504,0.532,4.759
131,true,true,false,true,false,true,true,false,false,60,1,4827804,28.344,0.404,2.755
132,true,false,false,false,false,true,true,false,true,20,5,4264110,42.872,0.404,4.369
133,true,true,false,false,true,false,true,true,false,60,1,4259350,28.380,0.364,2.658
134,true,false,false,true,true,true,false,true,false,40,5,3636805,35.076,0.476,3.924
135,true,true,false,true,false,true,true,false,false,60,5,4790302,39.780,0.404,4.084
136,true,false,false,false,false,true,true,false,true,20,9,4260012,55.940,0.552,5.938
137,true,true,false,false,true,false,true,true,false,60,5,4233273,34.116,0.456,3.199
138,true,false,false,false,false,false,true,false,false,60,5,4205066,41.296,0.396,4.245
139,true,true,false,true,false,true,true,false,false,60,9,4779404,52.008,0.564,5.557
14,true,false,false,false,true,true,false,false,false,20,9,3129065,52.300,0.504,5.911
140,true,true,false,false,true,false,true,true,false,60,9,4235548,42.276,0.448,3.972
141,true,false,false,false,false,false,false,true,false,40,1,3128543,28.112,0.452,3.443
142,true,false,false,false,false,false,true,false,false,60,1,4231791,30.460,0.372,2.801
143,true,false,false,false,false,false,false,true,false,40,5,3112469,34.048,0.484,3.851
144,true,false,false,true,true,false,true,false,true,20,9,4921970,52.880,0.428,5.619
145,true,false,false,false,false,true,false,false,true,40,9,3142539,52.644,0.524,6.021
146,true,false,false,false,false,false,false,true,false,40,9,3115688,41.572,0.420,4.499
147,true,false,false,true,true,false,true,false,true,20,5,4935774,41.204,0.488,4.218
148,true,true,false,true,false,false,false,false,true,20,9,3492117,45.204,0.420,4.976
149,true,false,false,false,false,true,false,false,true,40,5,3148923,40.152,0.508,4.585
15,true,false,false,false,false,false,false,true,false,60,1,3130424,28.340,0.488,3.676
150,true,false,false,true,true,true,false,true,false,60,5,3638844,35.488,0.512,4.157
151,true,false,false,false,false,true,false,false,true,40,1,3167272,28.592,0.436,3.413
152,true,true,false,false,true,true,true,false,true,60,9,4262281,53.024,0.404,5.567
153,true,false,false,true,true,true,false,true,false,60,1,3642388,28.900,0.500,3.870
154,true,true,false,false,true,true,true,false,true,60,5,4271269,40.292,0.460,4.041
155,true,true,false,false,false,true,true,true,true,20,1,4261016,28.812,0.300,2.706
156,true,true,false,false,true,true,true,false,true,60,1,4310790,28.636,0.364,2.714
157,true,true,false,false,false,true,true,true,true,20,5,4246761,35.544,0.428,3.293
158,true,true,false,false,true,true,false,true,true,40,5,3140357,33.580,0.460,3.745
159,true,true,false,false,false,true,true,true,true,20,9,4243720,44.896,0.520,4.205
16,true,true,false,false,true,false,false,true,true,40,1,3149322,26.560,0.412,3.350
160,true,false,false,true,true,false,true,false,true,20,1,4965148,30.524,0.288,2.802
161,true,true,false,true,false,false,false,false,true,20,5,3502812,34.976,0.488,3.933
162,true,true,false,false,true,true,false,true,true,40,1,3160707,26.916,0.464,3.467
163,true,true,false,true,false,false,false,false,true,20,1,3533817,25.692,0.444,3.182
164,true,false,false,false,false,false,true,false,true,60,5,4249649,41.416,0.484,4.241
165,true,true,false,true,false,true,false,true,false,40,5,3545999,33.248,0.580,3.883
166,true,true,false,true,false,true,false,false,false,60,9,3517242,49.508,0.596,5.910
167,true,false,false,true,true,false,false,true,false,40,9,3609203,41.352,0.464,4.465
168,true,false,false,false,false,false,true,false,true,60,9,4244887,53.100,0.420,5.624
169,true,true,false,true,false,true,false,false,false,60,5,3525213,37.580,0.604,4.659
17,true,true,false,true,false,true,false,false,true,40,1,3580131,26.392,0.440,3.476
170,true,true,false,true,false,true,false,true,false,40,1,3549551,26.232,0.516,3.475
171,true,false,false,true,true,false,false,true,false,40,5,3615141,33.576,0.460,3.826
172,true,true,false,true,false,true,false,false,false,60,1,3554395,27.064,0.484,3.929
173,true,false,false,true,true,false,false,true,false,40,1,3621692,28.260,0.416,3.575
174,true,false,false,false,false,false,true,false,true,60,1,4277806,30.652,0.448,2.903
175,true,false,false,false,false,true,true,false,true,40,1,4286721,30.836,0.368,2.856
176,true,false,false,false,false,true,true,false,true,40,5,4264110,42.908,0.400,4.355
177,true,false,false,false,false,true,true,false,true,40,9,4260012,56.068,0.404,5.935
178,true,true,false,true,false,true,false,true,false,40,9,3538286,42.280,0.544,4.468
179,true,false,false,false,false,false,false,false,true,40,1,3151638,28.368,0.420,3.448
18,true,false,false,false,true,true,false,false,false,20,5,3133814,39.392,0.560,4.405
180,true,false,false,false,false,false,false,true,true,20,1,3127215,27.812,0.392,3.178
181,true,false,false,false,false,false,false,false,true,40,5,3127540,38.320,0.556,4.557
182,true,true,false,true,true,false,false,false,false,20,9,3510151,45.272,0.564,5.107
183,true,false,false,false,false,false,false,true,true,20,5,3111877,33.368,0.400,3.524
184,true,false,false,false,false,false,false,false,true,40,9,3121232,49.192,0.520,5.744
185,true,false,false,false,false,true,true,false,true,60,1,4286721,30.676,0.436,2.827
186,true,true,false,true,true,false,false,false,false,20,5,3517835,35.084,0.512,3.965
187,true,false,false,false,false,false,false,true,true,20,9,3110739,41.092,0.504,4.144
188,true,false,false,true,true,false,true,true,false,60,5,4897751,36.364,0.364,3.440
189,true,true,false,true,true,false,false,false,false,20,1,3558145,25.504,0.452,3.087
19,true,false,false,false,false,false,false,true,false,60,5,3115998,34.000,0.440,3.961
190,true,false,false,true,true,false,true,true,false,60,1,4908928,30.280,0.388,2.848
191,true,false,false,true,true,false,true,true,false,60,9,4894458,44.156,0.416,4.150
192,true,false,false,false,false,false,true,false,false,20,9,4200476,52.856,0.444,5.688
193,true,false,false,true,true,false,false,true,false,20,9,3582657,40.984,0.456,4.209
194,true,true,false,true,false,true,false,true,false,20,5,3517609,32.832,0.404,3.513
195,true,true,false,true,false,true,false,false,false,40,9,3513544,48.964,0.548,5.587
196,true,true,false,true,true,false,true,true,true,60,9,4896846,41.768,0.444,3.867
197,true,false,false,false,false,false,true,false,false,20,5,4205066,41.276,0.476,4.271
198,true,false,false,true,true,false,false,true,false,20,5,3588976,33.228,0.468,3.637
199,true,true,false,true,false,true,false,true,false,20,1,3522157,25.768,0.404,3.106
2,true,true,false,false,true,true,false,true,true,20,5,3117562,33.040,0.456,3.437
20,true,false,false,true,true,false,true,false,true,40,9,4921970,52.792,0.476,5.590
200,true,true,false,true,false,true,false,false,false,40,5,3522600,36.980,0.480,4.308
201,true,false,false,true,true,false,false,true,false,20,1,3594732,27.496,0.360,3.163
202,true,true,false,true,false,true,false,false,false,40,1,3549551,26.392,0.456,3.512
203,true,false,false,false,false,true,true,false,true,60,5,4264110,43.020,0.388,4.385
204,true,false,false,false,false,true,true,false,true,60,9,4260012,55.816,0.420,5.930
205,true,true,false,true,true,false,true,true,true,60,5,4908535,34.044,0.360,3.223
206,true,false,false,false,false,false,true,false,false,20,1,4231791,30.512,0.344,2.841
207,true,true,false,true,true,false,true,true,true,60,1,4922285,28.152,0.284,2.704
208,true,true,false,true,false,true,false,true,false,20,9,3514609,42.196,0.436,4.255
209,true,false,false,false,false,false,false,false,true,60,1,3156614,28.596,0.488,3.885
21,true,true,false,false,true,false,true,false,true,60,5,4259343,38.896,0.480,3.920
210,true,false,false,false,false,false,false,true,true,40,1,3151638,28.204,0.496,3.505
211,true,false,false,false,false,false,false,false,true,60,5,3130894,38.468,0.480,4.708
212,true,true,false,true,true,false,false,false,false,40,9,3537858,46.084,0.508,5.393
213,true,false,false,false,false,false,false,true,true,40,5,3138333,33.784,0.440,3.755
214,true,false,false,false,false,false,false,false,true,60,9,3125877,49.364,0.524,5.826
215,true,true,false,true,true,false,false,false,false,40,5,3546150,35.624,0.500,4.218
216,true,false,false,false,false,false,false,true,true,40,9,3136399,41.712,0.480,4.450
217,true,true,false,true,true,false,false,false,false,40,1,3583663,26.100,0.408,3.438
218,true,false,false,false,false,false,true,false,true,20,1,4277806,30.644,0.332,2.856
219,true,true,false,false,false,true,true,true,false,60,1,4215783,28.728,0.352,2.698
22,true,false,false,false,false,true,true,false,false,60,1,4243703,30.764,0.364,2.804
220,true,true,false,true,false,true,false,false,false,20,5,3497425,36.676,0.464,4.058
221,true,false,false,true,true,false,false,true,true,60,1,3653798,28.644,0.500,3.906
222,true,true,false,false,false,true,true,true,false,60,5,4197221,35.444,0.436,3.311
223,true,false,false,false,false,false,true,false,true,20,5,4249649,41.516,0.392,4.249
224,true,true,false,true,false,true,false,false,false,20,1,3522157,25.864,0.324,3.077
225,true,true,false,false,false,true,true,true,false,60,9,4198989,44.776,0.484,4.238
226,true,false,false,true,false,true,true,true,true,20,1,4931572,30.796,0.416,2.876
227,true,false,false,true,false,true,true,true,true,20,9,4926657,47.120,0.412,4.473
228,true,false,false,true,false,true,true,true,true,20,5,4932710,37.712,0.476,3.574
229,true,true,false,true,false,true,false,false,false,20,9,3489409,48.720,0.520,5.461
23,true,false,false,false,true,false,false,false,false,20,5,3113968,37.928,0.464,4.267
230,true,true,false,false,false,false,true,true,true,40,5,4234206,34.320,0.408,3.197
231,true,true,false,false,false,false,true,true,true,40,9,4231971,42.420,0.436,3.933
232,true,true,false,false,false,false,true,true,true,40,1,4252571,28.700,0.388,2.832
233,true,true,false,true,true,false,false,false,false,60,9,3538881,46.324,0.536,5.536
234,true,false,false,true,true,false,true,true,false,20,1,4908928,30.420,0.392,2.845
235,true,false,false,true,true,false,true,false,false,40,5,4871361,41.164,0.412,4.266
236,true,true,false,true,true,false,false,false,false,60,5,3548776,36.156,0.492,4.501
237,true,false,false,true,true,false,true,false,false,40,1,4908928,30.472,0.340,2.848
238,true,true,false,false,false,false,false,false,false,20,1,3055009,25.940,0.460,3.050
239,true,true,false,true,true,false,false,false,false,60,1,3586763,26.784,0.400,3.876
24,true,false,false,false,false,false,false,true,false,60,9,3117214,42.148,0.408,4.600
240,true,false,false,true,true,false,true,true,false,20,9,4894458,44.344,0.432,4.207
241,true,true,false,false,false,false,false,false,false,20,5,3018055,35.624,0.420,4.027
242,true,false,false,true,true,false,false,true,true,60,9,3640377,41.564,0.496,4.677
243,true,false,false,true,true,false,true,false,false,40,9,4862848,53.008,0.420,5.702
244,true,false,false,true,true,false,true,true,false,20,5,4897751,36.328,0.404,3.444
245,true,true,false,false,false,false,false,false,false,20,9,3012842,46.032,0.432,5.142
246,true,false,false,true,true,false,false,true,true,60,5,3649511,33.836,0.536,4.083
247,true,false,false,false,false,false,true,false,true,40,5,4249649,41.576,0.368,4.242
248,true,false,false,true,true,false,false,true,false,60,9,3613231,41.576,0.564,4.642
249,true,false,false,false,false,false,true,false,true,40,9,4244887,53.208,0.496,5.655
25,true,false,false,true,true,false,true,false,true,40,5,4935774,41.364,0.396,4.230
250,true,false,false,true,true,false,false,true,false,60,5,3616016,34.256,0.436,4.210
251,true,false,false,true,true,false,true,false,false,60,1,4908928,30.280,0.396,2.800
252,true,false,false,false,false,false,true,false,true,40,1,4277806,30.576,0.376,2.853
253,true,false,false,true,true,false,false,true,false,60,1,3624439,28.604,0.420,3.854
254,true,true,false,true,false,true,false,false,true,20,9,3515087,48.472,0.516,5.337
255,true,true,false,true,false,true,false,false,true,20,5,3525065,36.720,0.448,3.988
256,true,true,false,true,false,true,false,false,true,20,1,3552724,25.872,0.412,3.133
257,true,true,false,true,false,true,true,false,true,20,1,4883540,28.324,0.392,2.733
258,true,true,false,false,false,false,true,true,true,20,5,4234206,34.256,0.404,3.221
259,true,true,false,false,false,false,true,true,true,20,9,4231971,42.256,0.524,3.930
26,true,true,false,true,false,false,false,false,true,40,9,3519557,45.792,0.572,5.269
260,true,true,false,true,false,true,true,false,true,20,9,4837768,52.340,0.460,5.529
261,true,false,false,false,false,false,false,false,true,20,1,3127215,27.740,0.364,3.096
262,true,true,false,false,false,false,true,true,true,20,1,4252571,28.652,0.364,2.706
263,true,true,false,true,false,true,true,false,true,20,5,4848607,39.936,0.432,4.063
264,true,false,false,false,false,false,false,false,true,20,5,3101096,37.668,0.432,4.215
265,true,false,false,false,false,true,false,true,false,60,5,3136524,35.556,0.540,4.172
266,true,false,false,true,true,false,true,false,false,60,9,4862848,52.672,0.496,5.653
267,true,false,false,true,true,false,true,true,false,40,5,4897751,36.220,0.412,3.407
268,true,false,false,false,false,false,false,false,true,20,9,3094442,48.532,0.448,5.385
269,true,false,false,false,false,true,false,true,false,60,9,3137440,45.168,0.584,4.982
27,true,true,false,false,true,false,true,false,true,60,9,4257554,50.332,0.400,5.269
270,true,false,false,true,true,false,true,true,false,40,1,4908928,30.444,0.344,2.822
271,true,false,false,true,true,false,true,false,false,60,5,4871361,41.204,0.460,4.292
272,true,false,false,false,false,false,true,false,true,20,9,4244887,53.208,0.428,5.631
273,true,false,false,false,false,true,false,true,false,60,1,3147253,28.924,0.452,3.805
274,true,false,false,true,true,false,true,true,false,40,9,4894458,44.088,0.456,4.131
275,true,true,false,false,true,false,false,false,true,60,1,3154299,26.888,0.448,3.667
276,true,false,false,true,false,false,false,true,true,60,9,3595982,41.632,0.536,4.712
277,true,false,false,false,true,false,true,false,false,40,9,4238589,53.152,0.520,5.737
278,true,true,false,false,false,true,true,true,false,20,1,4215783,28.688,0.372,2.713
279,true,false,false,true,false,false,false,true,true,60,5,3604175,33.984,0.560,4.136
28,true,false,false,false,false,true,true,false,false,60,5,4212762,42.788,0.396,4.414
280,true,true,false,false,false,true,true,true,false,20,5,4197221,35.396,0.416,3.313
281,true,false,false,true,true,true,false,false,true,20,9,3608629,51.352,0.448,5.679
282,true,true,false,true,false,false,true,false,true,60,9,4820291,49.720,0.508,5.279
283,true,true,false,false,false,true,true,true,false,20,9,4198989,44.716,0.448,4.218
284,true,false,false,true,true,true,false,false,true,20,1,3639661,27.816,0.436,3.187
285,true,true,false,true,false,true,false,true,true,20,9,3541727,41.888,0.476,4.197
286,true,false,false,true,true,true,false,false,true,20,5,3618396,38.960,0.516,4.280
287,true,true,false,true,false,true,false,true,true,20,5,3544719,32.840,0.420,3.486
288,true,false,false,true,false,false,false,false,false,20,1,3549770,27.512,0.428,3.205
289,true,true,false,false,true,false,false,false,true,60,9,3107833,46.584,0.600,5.459
29,true,false,false,false,true,false,false,false,false,20,1,3141515,27.640,0.428,3.145
290,true,true,false,true,false,true,false,true,true,20,1,3552724,25.948,0.400,3.116
291,true,false,false,true,false,false,false,true,true,60,1,3612080,28.488,0.436,3.817
292,true,false,false,true,false,false,false,false,false,20,5,3523617,37.268,0.444,4.215
293,true,true,false,false,true,false,false,false,true,60,5,3113238,36.348,0.544,4.448
294,true,false,false,true,false,false,false,false,false,20,9,3517476,48.016,0.560,5.471
295,true,false,false,true,true,false,true,true,true,20,5,4961306,36.356,0.412,3.406
296,true,true,false,true,true,false,false,false,true,20,5,3547608,34.860,0.440,3.914
297,true,false,false,false,true,true,false,false,true,60,9,3180339,53.168,0.540,6.160
298,true,false,false,true,true,false,true,true,true,20,1,4965148,30.308,0.420,2.940
299,true,true,false,false,false,false,true,true,false,40,9,4189987,42.256,0.516,3.983
3,true,false,false,true,false,true,true,true,true,60,5,4932710,37.580,0.408,3.506
30,true,false,false,false,false,true,true,false,false,60,9,4215327,55.740,0.504,6.054
300,true,true,false,true,true,false,false,false,true,20,1,3585300,25.736,0.416,3.150
301,true,false,false,false,true,true,false,false,true,60,5,3185469,40.468,0.540,4.807
302,true,true,false,false,true,true,true,true,true,20,9,4285326,44.756,0.392,4.183
303,true,false,false,true,true,false,true,true,true,20,9,4954740,44.196,0.440,4.100
304,true,true,false,false,true,true,true,true,true,20,5,4290187,35.412,0.412,3.336
305,true,false,false,false,false,true,false,false,false,60,9,3122911,52.860,0.520,6.275
306,true,true,false,false,true,true,true,true,true,20,1,4310790,28.852,0.348,2.731
307,true,false,false,false,true,false,true,false,false,60,1,4272359,30.460,0.340,2.832
308,true,false,false,false,true,false,true,false,false,60,5,4239894,41.388,0.460,4.291
309,true,false,false,false,false,true,false,false,false,60,1,3147253,29.092,0.484,3.911
31,true,true,false,false,true,true,true,false,true,40,9,4262281,52.852,0.516,5.546
310,true,true,false,false,false,false,true,true,false,40,5,4189426,34.404,0.396,3.254
311,true,false,false,false,false,true,false,false,false,60,5,3125027,39.992,0.628,4.758
312,true,false,false,false,true,false,true,false,false,60,9,4238589,53.072,0.452,5.718
313,true,true,false,false,false,false,true,true,false,40,1,4210212,28.464,0.392,2.697
314,true,false,false,true,false,false,false,true,true,40,5,3599874,33.504,0.492,3.799
315,true,false,false,false,true,false,true,false,false,20,9,4238589,53.112,0.472,5.729
316,true,true,false,false,false,true,true,true,false,40,1,4215783,28.704,0.364,2.710
317,true,false,false,true,false,true,true,false,true,60,1,4931572,30.708,0.368,2.882
318,true,false,false,true,false,false,false,true,true,40,1,3608877,27.768,0.460,3.440
319,true,true,false,false,false,true,true,true,false,40,5,4197221,35.352,0.440,3.292
32,true,false,false,false,false,true,false,true,false,40,5,3135488,35.612,0.452,3.947
320,true,false,false,false,true,false,true,true,true,60,1,4317441,30.480,0.380,2.806
321,true,true,false,true,false,false,true,false,true,40,9,4820291,49.700,0.448,5.242
322,true,true,false,false,false,true,true,true,false,40,9,4198989,44.984,0.356,4.182
323,true,false,false,false,true,false,true,true,true,60,5,4303795,36.404,0.372,3.399
324,true,false,false,true,false,true,true,false,true,60,9,4900900,55.992,0.380,6.011
325,true,false,false,true,false,false,false,true,true,40,9,3593324,41.288,0.516,4.426
326,true,false,false,false,true,false,true,true,true,60,9,4301421,44.196,0.436,4.111
327,true,false,false,true,false,true,true,false,true,60,5,4908972,42.636,0.408,4.335
328,true,true,false,true,false,true,false,true,true,40,9,3567899,42.600,0.512,4.397
329,true,false,false,false,true,true,false,true,false,20,1,3155862,27.984,0.508,3.184
33,true,true,false,false,true,true,true,false,true,40,5,4271269,40.408,0.424,4.048
330,true,true,false,true,false,true,false,true,true,40,5,3572713,33.044,0.416,3.671
331,true,true,false,true,false,true,false,true,true,40,1,3580131,26.760,0.396,3.539
332,true,false,false,false,true,true,false,true,false,20,9,3143488,44.044,0.524,4.464
333,true,false,false,false,true,true,false,true,false,20,5,3143934,34.872,0.532,3.648
334,true,false,false,true,true,false,true,true,true,40,9,4954740,44.228,0.404,4.132
335,true,true,false,false,false,false,true,true,false,20,9,4189987,42.264,0.492,3.976
336,true,false,false,false,false,true,false,true,true,60,9,3161198,45.092,0.588,4.831
337,true,false,false,true,true,false,true,true,true,40,5,4961306,36.428,0.448,3.453
338,true,false,false,false,false,true,false,true,true,60,5,3165981,35.708,0.492,4.099
339,true,false,false,false,false,true,false,true,true,60,1,3172232,28.812,0.444,3.680
34,true,false,false,false,false,true,false,true,false,40,9,3135103,44.784,0.476,4.737
340,true,true,false,true,false,false,true,false,true,60,1,4872717,28.200,0.396,2.718
341,true,false,false,true,true,false,true,false,false,20,5,4871361,41.124,0.476,4.261
342,true,false,false,false,false,true,false,false,false,40,5,3123936,39.988,0.468,4.627
343,true,true,false,true,false,false,true,false,true,60,5,4834912,38.580,0.428,3.945
344,true,false,false,false,false,true,false,false,false,40,9,3120979,52.628,0.552,6.085
345,true,false,false,true,true,false,true,false,false,20,1,4908928,30.252,0.492,2.864
346,true,true,false,false,false,false,true,true,false,20,5,4189426,34.440,0.360,3.252
347,true,false,false,true,true,false,true,true,true,40,1,4965148,30.420,0.408,2.825
348,true,false,false,false,true,false,true,false,false,40,1,4272359,30.372,0.388,2.794
349,true,true,false,false,false,false,true,true,false,20,1,4210212,28.476,0.392,2.683
35,true,true,false,false,true,true,true,false,true,40,1,4310790,28.616,0.416,2.681
350,true,false,false,true,true,false,true,false,false,20,9,4862848,52.772,0.532,5.690
351,true,false,false,false,true,false,true,false,false,40,5,4239894,41.364,0.412,4.289
352,true,false,false,false,false,true,false,false,false,40,1,3145148,28.448,0.516,3.492
353,true,false,false,true,false,true,true,true,false,40,5,4869232,37.628,0.432,3.573
354,true,false,false,true,false,false,false,true,true,20,5,3572551,33.156,0.448,3.587
355,true,false,false,true,false,true,true,true,false,40,9,4864254,46.816,0.468,4.497
356,true,true,false,false,true,true,true,false,false,40,1,4264726,28.696,0.296,2.703
357,true,false,false,true,false,false,false,true,true,20,1,3579639,27.592,0.400,3.165
358,true,true,false,false,false,true,true,false,true,60,1,4261016,28.728,0.396,2.689
359,true,true,false,true,false,false,true,false,true,20,5,4834912,38.444,0.448,3.922
36,true,false,false,true,true,false,false,true,true,20,9,3608976,40.780,0.512,4.152
360,true,true,false,false,false,true,true,false,true,60,5,4221800,40.324,0.360,4.066
361,true,false,false,true,false,false,false,true,true,20,9,3566558,40.888,0.448,4.174
362,true,true,false,true,false,false,true,false,true,20,9,4820291,49.596,0.432,5.204
363,true,true,false,true,false,true,false,true,true,60,9,3572182,43.096,0.524,4.723
364,true,false,false,false,true,true,false,false,true,40,1,3206994,28.656,0.424,3.593
365,true,true,false,true,false,true,false,true,true,60,5,3577854,33.668,0.384,4.047
366,true,false,false,false,false,false,false,false,false,40,1,3128543,28.236,0.428,3.494
367,true,true,false,true,false,true,false,true,true,60,1,3583799,26.784,0.536,3.896
368,true,false,false,false,false,false,false,false,false,40,5,3100817,38.276,0.488,4.527
369,true,true,false,true,true,true,true,true,false,40,5,4858449,34.960,0.400,3.306
37,true,false,false,true,true,false,true,false,true,40,1,4965148,30.400,0.352,2.796
370,true,true,false,true,true,false,false,false,true,60,9,3569028,46.224,0.476,5.426
371,true,false,false,false,true,true,false,false,true,20,5,3159160,39.500,0.488,4.298
372,true,false,false,false,false,false,false,false,false,40,9,3098493,49.252,0.508,5.792
373,true,false,false,false,false,false,false,true,true,60,1,3156614,28.444,0.480,3.700
374,true,true,false,true,true,true,true,true,false,40,1,4879503,28.212,0.376,2.700
375,true,false,false,false,false,true,false,true,true,40,9,3159221,44.832,0.496,4.653
376,true,true,false,true,true,false,false,false,true,60,5,3580375,36.044,0.568,4.527
377,true,false,false,false,true,true,false,false,true,20,1,3176987,28.080,0.464,3.174
378,true,false,false,false,false,false,false,true,true,60,5,3141297,34.268,0.552,4.097
379,true,false,false,false,false,true,false,true,true,40,5,3162282,35.584,0.500,4.002
38,true,true,false,true,false,false,false,false,true,40,5,3530051,35.236,0.588,4.179
380,true,true,false,true,true,false,false,false,true,60,1,3617673,26.456,0.480,3.670
381,true,false,false,false,false,false,false,true,true,60,9,3141107,42.032,0.432,4.634
382,true,false,false,false,false,true,false,true,true,40,1,3167272,28.572,0.420,3.506
383,true,true,false,false,true,true,true,true,true,60,9,4285326,44.860,0.476,4.219
384,true,false,false,false,true,true,false,false,true,20,9,3152968,52.440,0.492,5.869
385,true,true,false,false,false,true,true,false,true,60,9,4215581,53.008,0.408,5.593
386,true,true,false,true,false,false,true,false,true,40,1,4872717,28.156,0.340,2.699
387,true,false,false,false,false,true,false,false,false,20,5,3101099,39.528,0.524,4.411
388,true,true,false,false,true,true,true,true,true,60,5,4290187,35.572,0.388,3.311
389,true,true,false,true,false,false,true,false,true,40,5,4834912,38.472,0.396,3.884
39,true,true,false,false,true,true,false,true,true,20,1,3136221,26.488,0.404,3.092
390,true,false,false,false,false,true,false,false,false,20,9,3093996,52.028,0.528,5.889
391,true,true,false,false,true,true,true,true,true,60,1,4310790,28.752,0.368,2.765
392,true,true,false,false,true,true,true,false,false,40,5,4223999,40.084,0.428,4.085
393,true,false,false,false,false,true,false,false,false,20,1,3118367,28.008,0.416,3.118
394,true,true,false,true,true,true,true,true,false,40,9,4854033,44.184,0.416,4.168
395,true,true,false,false,true,true,true,false,false,40,9,4219794,52.592,0.444,5.592
396,true,false,false,true,false,true,true,true,false,60,1,4873374,30.660,0.432,2.879
397,true,false,false,true,false,true,true,true,false,20,1,4873374,30.720,0.376,2.866
398,true,true,false,true,false,true,false,true,false,60,9,3541860,42.792,0.516,4.671
399,true,false,false,true,false,true,true,true,false,20,5,4869232,37.788,0.412,3.562
4,true,false,false,true,false,true,true,true,true,60,1,4931572,30.752,0.312,2.834
40,true,false,false,true,true,false,false,true,true,20,5,3619211,33.136,0.428,3.538
400,true,true,false,true,false,true,false,true,false,60,5,3547491,33.668,0.504,4.169
401,true,true,false,true,false,true,false,true,false,60,1,3554395,26.652,0.456,3.789
402,true,false,false,true,false,true,true,true,false,20,9,4864254,46.756,0.492,4.418
403,true,true,false,false,false,true,true,false,true,40,1,4261016,28.804,0.348,2.700
404,true,false,false,true,true,true,false,false,false,60,9,3608259,52.008,0.612,6.148
405,true,false,false,false,false,false,false,false,false,60,1,3130424,28.644,0.492,3.837
406,true,false,false,false,true,true,false,false,true,60,1,3212144,29.032,0.484,3.769
407,true,false,false,false,false,false,false,false,false,60,5,3103868,38.532,0.544,4.718
408,true,true,false,true,true,false,false,false,true,20,9,3539051,45.540,0.428,5.038
409,true,false,false,false,false,true,false,true,true,20,9,3132464,44.432,0.420,4.381
41,true,false,false,false,false,true,false,true,false,40,1,3145148,28.512,0.400,3.506
410,true,true,false,true,true,false,false,false,true,40,9,3563931,45.788,0.512,5.197
411,true,false,false,false,true,true,false,false,true,40,9,3177742,52.872,0.504,6.056
412,true,false,false,false,false,false,false,false,false,60,9,3102383,49.744,0.612,6.012
413,true,true,false,true,true,true,true,true,false,60,9,4854033,44.432,0.456,4.250
414,true,false,false,false,false,true,false,true,true,20,5,3135333,35.064,0.496,3.637
415,true,true,false,true,true,false,false,false,true,40,5,3576618,35.784,0.508,4.266
416,true,false,false,false,true,true,false,false,true,40,5,3183811,40.284,0.524,4.640
417,true,true,false,true,true,true,true,true,false,60,5,4858449,34.924,0.408,3.283
418,true,false,false,false,false,true,false,true,true,20,1,3141354,28.116,0.416,3.152
419,true,true,false,false,true,true,true,true,true,40,9,4285326,44.900,0.376,4.163
42,true,true,false,true,false,false,false,false,true,40,1,3564933,26.384,0.392,3.582
420,true,true,false,true,true,false,false,false,true,40,1,3615411,26.068,0.400,3.414
421,true,true,false,true,true,true,true,true,false,60,1,4879503,28.224,0.396,2.691
422,true,true,false,false,true,true,true,true,true,40,5,4290187,35.520,0.364,3.319
423,true,true,false,false,false,false,true,true,false,60,1,4210212,28.552,0.324,2.694
424,true,true,false,false,true,true,true,true,true,40,1,4310790,28.680,0.356,2.679
425,true,true,false,false,false,true,true,false,true,40,5,4221800,40.204,0.468,4.080
426,true,true,false,false,true,true,true,false,false,20,9,4219794,52.724,0.572,5.625
427,true,true,false,false,false,true,true,false,true,40,9,4215581,52.980,0.360,5.558
428,true,true,false,true,false,false,true,false,true,20,1,4872717,28.200,0.328,2.707
429,true,true,false,false,false,false,true,true,false,60,9,4189987,42.324,0.444,3.928
43,true,false,false,false,true,false,false,false,false,20,9,3112237,49.060,0.432,5.588
430,true,true,false,false,true,true,true,false,false,20,1,4264726,28.640,0.384,2.742
431,true,true,false,false,false,false,true,true,false,60,5,4189426,34.340,0.364,3.240
432,true,false,false,true,false,true,true,true,false,40,1,4873374,30.680,0.316,2.817
433,true,true,false,false,true,true,true,false,false,20,5,4223999,40.072,0.376,4.064
434,true,true,false,false,true,false,false,true,false,60,9,3105105,40.216,0.552,4.527
435,true,false,false,false,true,false,true,false,true,20,1,4317441,30.548,0.332,2.816
436,true,true,false,false,true,true,true,true,false,60,1,4264726,28.632,0.412,2.730
437,true,true,false,false,true,false,false,true,false,60,1,3130752,26.876,0.508,3.770
438,true,false,false,false,true,false,true,false,true,20,5,4290300,41.604,0.500,4.267
439,true,true,false,false,true,false,false,true,false,60,5,3105818,32.424,0.488,4.028
44,true,false,false,true,true,false,false,true,true,20,1,3620772,27.600,0.368,3.186
440,true,false,false,false,true,false,true,false,true,20,9,4286491,53.192,0.544,5.642
441,true,true,false,false,false,true,true,false,true,20,1,4261016,28.788,0.376,2.683
442,true,false,false,true,true,true,false,true,false,20,9,3602393,44.016,0.512,4.492
443,true,false,false,true,true,true,false,true,false,20,5,3607189,34.700,0.512,3.634
444,true,false,false,true,true,true,false,false,false,40,9,3608455,51.464,0.512,5.899
445,true,false,false,true,true,true,false,false,false,60,1,3642388,28.960,0.452,3.982
446,true,true,false,true,true,true,true,false,false,20,5,4828682,39.740,0.432,4.085
447,true,false,false,true,true,true,false,false,false,60,5,3618495,40.072,0.516,4.989
448,true,true,false,true,true,true,true,false,false,20,1,4879503,28.444,0.332,2.715
449,true,true,false,true,false,false,true,true,false,60,1,4819393,28.176,0.348,2.708
45,true,false,false,true,true,false,false,true,true,40,1,3650318,28.248,0.508,3.559
450,true,false,false,false,false,true,false,false,true,20,9,3116603,52.024,0.528,5.726
451,true,false,false,false,false,true,false,false,true,20,5,3119046,39.648,0.556,4.404
452,true,false,false,true,true,true,false,true,false,40,1,3640394,28.064,0.428,3.515
453,true,false,false,false,false,true,false,false,true,20,1,3141354,28.076,0.436,3.182
454,true,true,false,false,false,true,true,false,true,20,5,4221800,40.376,0.436,4.066
455,true,true,false,false,false,true,true,false,true,20,9,4215581,52.756,0.472,5.560
456,true,true,false,false,true,true,true,true,false,60,5,4241577,35.360,0.368,3.288
457,true,true,false,true,false,false,true,true,false,60,5,4802151,33.876,0.468,3.229
458,true,true,false,true,true,true,true,false,false,20,9,4820867,52.376,0.436,5.568
459,true,true,false,false,true,true,true,true,false,60,9,4243834,44.760,0.376,4.220
46,true,true,false,false,true,false,false,true,true,60,1,3154299,27.092,0.416,3.809
460,true,true,false,true,false,false,true,true,false,60,9,4799873,42.044,0.380,3.923
461,true,true,false,false,true,false,false,true,false,40,5,3103543,31.788,0.412,3.613
462,true,false,false,true,false,true,true,true,false,60,5,4869232,37.608,0.468,3.577
463,true,true,false,false,true,false,false,false,false,60,9,3085284,46.776,0.552,5.526
464,true,true,false,false,true,false,false,true,false,40,9,3103959,39.728,0.468,4.199
465,true,true,false,false,true,true,true,false,false,60,1,4264726,28.652,0.324,2.691
466,true,false,false,true,false,true,true,true,false,60,9,4864254,46.968,0.400,4.454
467,true,true,false,false,true,false,false,false,false,60,5,3090694,36.484,0.560,4.615
468,true,true,false,false,true,false,false,false,false,60,1,3130752,26.732,0.532,3.702
469,true,true,false,false,true,false,false,true,false,40,1,3129472,26.712,0.460,3.572
47,true,false,false,true,false,true,true,true,true,40,5,4932710,37.660,0.464,3.532
470,true,false,false,true,false,false,false,true,false,60,1,3582617,28.080,0.520,3.700
471,true,false,false,true,true,true,false,true,true,60,5,3672348,35.688,0.548,4.176
472,true,false,false,true,false,false,false,true,false,60,5,3573723,34.204,0.352,4.142
473,true,false,false,true,true,true,false,true,true,60,9,3664249,44.908,0.564,4.832
474,true,false,false,true,true,true,false,false,false,20,5,3587462,39.288,0.408,4.339
475,true,false,false,true,false,false,false,true,false,60,9,3567317,41.820,0.492,4.688
476,true,false,false,true,true,true,false,false,false,20,9,3581093,51.196,0.476,5.704
477,true,false,false,true,true,true,false,true,true,60,1,3671426,28.644,0.488,3.854
478,true,false,false,true,true,true,false,false,false,40,1,3640394,28.428,0.428,3.610
479,true,true,false,true,true,true,true,false,false,40,9,4820867,52.320,0.452,5.607
48,true,true,false,false,false,true,true,true,true,60,1,4261016,28.684,0.416,2.701
480,true,true,false,true,true,true,true,true,false,20,5,4858449,35.224,0.336,3.329
481,true,false,false,true,true,true,false,false,false,40,5,3613896,39.428,0.468,4.592
482,true,true,false,true,true,true,true,true,false,20,1,4879503,28.376,0.364,2.757
483,true,true,false,true,true,true,true,false,false,40,5,4828682,39.596,0.416,4.073
484,true,false,false,true,true,true,false,true,false,20,1,3609619,27.824,0.432,3.203
485,true,true,false,true,true,true,true,false,false,40,1,4879503,28.216,0.332,2.688
486,true,true,false,false,true,true,true,true,false,40,9,4243834,44.704,0.448,4.197
487,true,true,false,true,true,true,true,true,true,60,9,4913964,44.512,0.452,4.175
488,true,true,false,true,true,true,true,true,true,60,5,4921610,35.124,0.544,3.318
489,true,true,false,false,true,true,true,false,false,60,5,4223999,40.008,0.484,4.082
49,true,false,false,true,false,true,true,true,true,40,1,4931572,30.704,0.392,2.833
490,true,true,false,false,true,true,true,true,false,40,1,4264726,28.632,0.412,2.721
491,true,true,false,true,true,true,true,true,true,60,1,4932110,28.324,0.332,2.750
492,true,true,false,false,true,true,true,false,false,60,9,4219794,52.708,0.424,5.557
493,true,true,false,false,true,true,true,true,false,40,5,4241577,35.420,0.360,3.323
494,true,true,false,true,true,true,true,true,false,20,9,4854033,44.480,0.380,4.225
495,true,false,false,false,true,false,true,false,true,60,1,4317441,30.600,0.332,2.844
496,true,true,false,false,true,false,false,true,false,20,5,3079712,31.576,0.384,3.391
497,true,false,false,false,true,false,true,true,true,40,1,4317441,30.532,0.320,2.813
498,true,false,false,false,true,false,true,false,true,60,5,4290300,41.312,0.508,4.219
499,true,true,false,false,true,false,false,true,false,20,9,3079155,39.344,0.464,4.042
5,true,false,false,true,true,true,true,false,true,40,9,4938462,55.552,0.444,5.882
50,true,false,false,false,true,true,false,false,false,40,5,3157630,39.992,0.468,4.654
500,true,true,false,false,true,false,false,false,false,40,9,3083228,46.724,0.560,5.417
501,true,false,false,false,true,false,true,false,true,60,9,4286491,53.320,0.480,5.664
502,true,false,false,false,true,false,true,true,true,40,5,4303795,36.416,0.388,3.417
503,true,false,false,true,true,true,false,true,true,40,9,3664099,44.292,0.464,4.598
504,true,true,false,false,true,false,false,false,false,40,5,3087975,36.356,0.524,4.353
505,true,false,false,false,true,false,true,true,true,40,9,4301421,44.440,0.356,4.083
506,true,true,false,false,true,false,false,true,false,20,1,3101677,26.076,0.408,3.075
507,true,true,false,false,true,false,false,false,false,40,1,3129472,26.632,0.360,3.404
508,true,false,false,true,true,true,false,false,true,60,5,3650169,39.972,0.512,4.679
509,true,false,false,false,true,true,false,true,false,40,1,3182755,28.544,0.428,3.458
51,true,false,false,true,true,true,true,false,true,60,9,4938462,55.668,0.492,5.932
510,true,false,false,true,true,true,false,true,true,40,1,3669457,28.364,0.520,3.607
511,true,false,false,false,true,true,false,false,false,60,5,3160232,40.508,0.472,4.798
512,true,false,false,true,false,false,false,false,false,60,1,3582617,28.332,0.492,3.804
513,true,true,false,false,true,false,false,false,true,20,9,3080949,46.160,0.408,5.042
514,true,false,false,true,true,true,false,true,true,40,5,3667809,35.212,0.488,3.924
515,true,false,false,true,true,true,false,false,true,60,9,3640511,52.292,0.452,6.051
516,true,false,false,false,true,true,false,false,false,60,1,3185184,29.092,0.480,3.851
517,true,false,false,true,false,false,false,true,false,40,1,3580333,28.060,0.412,3.591
518,true,false,false,true,false,false,false,false,false,60,5,3554680,38.112,0.572,4.733
519,true,true,false,false,true,false,false,false,true,20,5,3085586,35.724,0.484,3.977
52,true,false,false,false,true,true,false,false,false,40,1,3182755,28.404,0.396,3.390
520,true,false,false,false,true,true,false,true,false,40,9,3166252,44.568,0.512,4.659
521,true,false,false,true,false,false,false,true,false,40,5,3569377,33.532,0.512,3.816
522,true,false,false,true,false,false,false,false,false,60,9,3544233,48.408,0.628,5.771
523,true,true,false,false,true,false,false,false,true,20,1,3124104,26.168,0.432,3.126
524,true,false,false,true,true,true,false,false,true,60,1,3671426,28.788,0.468,3.807
525,true,false,false,false,true,true,false,true,false,40,5,3168853,35.120,0.516,3.814
526,true,false,false,false,true,true,false,false,false,60,9,3157474,53.180,0.528,6.268
527,true,false,false,true,false,false,false,true,false,40,9,3565543,41.428,0.560,4.539
528,true,false,false,true,true,true,false,false,false,20,1,3609619,27.840,0.428,3.166
529,true,true,false,true,false,false,true,false,false,40,1,4819393,28.124,0.348,2.689
53,true,false,false,true,true,true,true,false,true,60,5,4948885,42.716,0.520,4.367
530,true,true,false,true,false,false,true,true,false,20,9,4799873,42.040,0.424,3.983
531,true,true,false,true,true,true,true,true,true,40,9,4913964,44.364,0.392,4.174
532,true,true,false,true,true,true,true,true,true,40,5,4921610,35.168,0.400,3.308
533,true,true,false,true,true,true,true,false,true,60,9,4883536,52.524,0.472,5.504
534,true,false,false,false,true,false,true,false,false,20,1,4272359,30.496,0.312,2.863
535,true,true,false,true,true,true,true,true,true,40,1,4932110,28.284,0.328,2.729
536,true,true,false,true,true,true,true,false,true,60,5,4893945,39.948,0.388,4.029
537,true,true,false,true,false,false,true,true,false,20,1,4819393,28.172,0.312,2.670
538,true,true,false,true,false,false,true,false,false,40,5,4774559,38.384,0.508,3.961
539,true,false,false,false,true,false,true,false,false,20,5,4239894,41.384,0.416,4.262
54,true,true,false,true,false,true,false,false,true,60,9,3547140,49.408,0.516,5.683
540,true,true,false,true,false,false,true,true,false,20,5,4802151,34.060,0.452,3.266
541,true,true,false,true,true,true,true,false,true,60,1,4932110,28.292,0.324,2.716
542,true,true,false,true,false,false,true,false,false,40,9,4766466,49.688,0.484,5.312
543,true,true,false,false,true,false,false,false,false,20,9,3060202,46.072,0.540,5.131
544,true,true,false,false,true,false,false,false,true,40,1,3149322,26.552,0.420,3.397
545,true,true,false,false,true,false,false,false,false,20,5,3066140,35.624,0.528,4.056
546,true,false,false,false,true,false,true,false,true,40,1,4317441,30.544,0.384,2.806
547,true,true,false,true,false,false,true,true,true,60,9,4856450,41.988,0.424,3.891
548,true,true,false,false,true,false,false,false,false,20,1,3101677,26.040,0.396,3.070
549,true,false,false,false,true,false,true,true,true,20,1,4317441,30.444,0.448,2.865
55,true,false,false,true,false,true,true,true,true,40,9,4926657,46.912,0.476,4.406
550,true,false,false,false,true,false,true,false,true,40,5,4290300,41.540,0.464,4.239
551,true,false,false,true,true,true,false,true,true,20,9,3632808,43.948,0.464,4.380
552,true,false,false,false,true,false,true,false,true,40,9,4286491,53.108,0.512,5.670
553,true,false,false,false,true,false,true,true,true,20,5,4303795,36.304,0.416,3.399
554,true,false,false,true,false,false,false,false,false,40,1,3580333,28.128,0.440,3.523
555,true,false,false,false,true,false,true,true,true,20,9,4301421,44.340,0.412,4.120
556,true,false,false,false,true,true,false,true,false,60,5,3174300,35.576,0.564,4.177
557,true,false,false,true,true,true,false,false,true,40,5,3647774,39.660,0.500,4.593
558,true,false,false,true,true,true,false,true,true,20,1,3639661,27.804,0.404,3.161
559,true,false,false,true,false,false,false,false,false,40,5,3551810,37.920,0.432,4.503
56,true,true,false,true,false,true,true,false,false,20,1,4827804,28.208,0.432,2.693
560,true,false,false,true,false,false,false,true,false,20,1,3549770,27.488,0.432,3.150
561,true,true,false,false,true,false,false,true,true,20,9,3097516,39.244,0.316,3.919
562,true,false,false,true,true,true,false,true,true,20,5,3638225,34.824,0.392,3.612
563,true,false,false,false,true,true,false,true,false,60,1,3185184,28.876,0.460,3.764
564,true,false,false,true,true,true,false,false,true,40,9,3638742,51.732,0.660,5.919
565,true,false,false,true,false,false,false,true,false,20,5,3542911,33.444,0.480,3.633
566,true,false,false,true,false,false,false,false,false,40,9,3539877,48.264,0.508,5.570
567,true,true,false,false,true,false,false,true,true,20,5,3101741,31.588,0.424,3.373
568,true,true,false,false,true,false,false,false,true,40,9,3103999,46.332,0.484,5.275
569,true,false,false,true,false,false,false,true,false,20,9,3542313,40.760,0.568,4.179
57,true,true,false,false,true,false,true,true,false,20,1,4259350,28.484,0.328,2.677
570,true,true,false,false,true,false,false,false,true,40,5,3113129,35.784,0.516,4.171
571,true,true,false,false,true,false,false,true,true,20,1,3124104,26.184,0.368,3.131
572,true,false,false,true,true,true,false,false,true,40,1,3669457,28.536,0.360,3.547
573,true,false,false,false,true,true,false,true,false,60,9,3168697,44.688,0.512,4.832
574,true,true,false,true,false,false,true,false,false,60,1,4819393,28.212,0.380,2.726
575,true,true,false,true,true,true,true,true,true,20,9,4913964,44.396,0.412,4.151
576,true,true,false,true,false,false,true,true,false,40,9,4799873,41.944,0.464,3.937
577,true,true,false,true,true,true,true,false,true,40,9,4883536,52.180,0.500,5.493
578,true,true,false,true,true,true,true,true,true,20,5,4921610,34.960,0.412,3.273
579,true,true,false,true,true,true,true,false,true,40,5,4893945,39.852,0.456,4.035
58,true,false,false,true,true,true,true,false,true,60,1,4977216,30.592,0.420,2.815
580,true,true,false,true,false,false,true,true,false,40,1,4819393,28.136,0.296,2.654
581,true,true,false,true,true,true,true,true,true,20,1,4932110,28.312,0.332,2.689
582,true,true,false,true,false,false,true,false,false,60,5,4774559,38.480,0.404,3.969
583,true,true,false,true,false,false,true,true,false,40,5,4802151,34.120,0.400,3.228
584,true,true,false,true,true,true,true,false,true,40,1,4932110,28.312,0.460,2.745
585,true,true,false,true,false,false,true,false,false,60,9,4766466,49.700,0.496,5.312
586,true,false,false,true,false,true,true,false,false,20,5,4845769,42.492,0.416,4.373
587,true,true,false,false,false,true,true,false,false,40,1,4215783,28.672,0.344,2.717
588,true,true,false,false,false,false,false,true,false,20,9,3032432,39.288,0.412,3.958
589,true,false,false,false,true,false,true,true,false,20,5,4253194,36.348,0.372,3.433
59,true,true,false,false,true,false,false,true,true,60,9,3125728,39.972,0.484,4.419
590,true,true,false,false,false,true,true,false,false,40,5,4175583,40.120,0.408,4.103
591,true,false,false,true,false,true,true,false,false,20,9,4837499,55.152,0.540,6.030
592,true,true,false,true,true,false,true,false,true,20,9,4871651,49.864,0.480,5.202
593,true,false,false,false,true,false,true,true,false,20,9,4257644,44.224,0.472,4.209
594,true,true,false,false,false,true,true,false,false,40,9,4173806,52.736,0.412,5.599
595,true,true,false,true,false,false,true,true,true,40,5,4863952,33.996,0.432,3.215
596,true,true,false,true,false,false,true,true,true,40,9,4856450,41.848,0.440,3.871
597,true,false,false,true,false,false,true,false,false,40,9,4822980,52.684,0.436,5.654
598,true,false,false,false,true,true,false,true,true,60,1,3212144,29.248,0.424,3.838
599,true,false,false,true,false,false,true,false,false,40,1,4862854,30.540,0.320,2.823
6,true,false,false,false,true,true,false,false,false,20,1,3155862,27.936,0.384,3.115
60,true,true,false,true,false,true,false,false,true,60,5,3557482,37.372,0.532,4.436
600,true,true,false,true,true,false,true,false,true,20,5,4884834,38.728,0.440,3.975
601,true,false,false,true,false,false,true,false,false,40,5,4829543,41.048,0.516,4.272
602,true,true,false,true,true,false,true,false,true,20,1,4922285,28.108,0.388,2.694
603,true,false,false,false,true,true,false,true,true,40,5,3195047,35.444,0.416,3.871
604,true,false,false,false,true,true,false,true,true,40,1,3206994,28.724,0.464,3.560
605,true,true,false,true,false,true,true,true,true,20,1,4883540,28.428,0.416,2.737
606,true,true,false,true,false,true,true,true,true,20,5,4878097,35.268,0.440,3.322
607,true,false,false,false,true,true,false,true,true,40,9,3191830,44.856,0.520,4.740
608,true,true,false,true,false,false,true,true,true,60,1,4872717,28.272,0.348,2.697
609,true,true,false,true,true,true,true,false,true,20,9,4883536,52.532,0.444,5.481
61,true,true,false,true,false,true,true,false,false,20,5,4790302,39.764,0.452,4.096
610,true,true,false,true,false,true,true,true,true,20,9,4870135,44.644,0.400,4.198
611,true,true,false,false,false,false,true,false,false,60,1,4210212,28.588,0.384,2.734
612,true,true,false,true,false,false,true,true,true,60,5,4863952,33.972,0.412,3.199
613,true,true,false,true,true,true,true,false,true,20,5,4893945,39.948,0.368,4.038
614,true,true,false,false,false,false,false,true,false,40,1,3078743,26.668,0.436,3.500
615,true,false,false,false,true,false,true,true,false,40,1,4272359,30.584,0.312,2.861
616,true,true,false,true,true,true,true,false,true,20,1,4932110,28.228,0.360,2.716
617,true,true,false,false,false,false,false,true,false,40,5,3054960,32.192,0.412,3.690
618,true,true,false,false,false,false,true,false,false,60,9,4164861,50.140,0.440,5.299
619,true,false,false,false,true,false,true,true,false,40,5,4253194,36.392,0.384,3.452
62,true,false,false,false,true,true,false,false,false,40,9,3153196,52.816,0.508,6.109
620,true,false,false,true,false,true,true,false,false,40,1,4873374,30.652,0.340,2.837
621,true,true,false,false,false,false,true,false,false,60,5,4168284,38.968,0.360,3.974
622,true,true,false,false,false,false,false,true,false,40,9,3053139,40.012,0.440,4.318
623,true,false,false,true,false,false,false,false,true,60,9,3573483,49.004,0.484,5.824
624,true,true,false,false,false,true,true,false,false,60,5,4175583,39.996,0.492,4.099
625,true,false,false,true,false,false,false,false,true,60,5,3585456,38.296,0.444,4.704
626,true,true,false,false,false,true,true,false,false,60,9,4173806,52.616,0.524,5.605
627,true,true,false,true,false,false,true,true,true,20,5,4863952,34.104,0.348,3.230
628,true,true,false,true,false,false,true,true,true,20,9,4856450,41.968,0.488,3.946
629,true,false,false,true,false,true,false,false,true,40,9,3596178,51.728,0.500,5.869
63,true,true,false,false,true,false,true,true,false,20,5,4233273,34.368,0.336,3.250
630,true,false,false,true,false,false,true,false,false,20,5,4829543,41.028,0.488,4.250
631,true,false,false,false,true,true,true,true,false,20,5,4262609,37.596,0.380,3.524
632,true,true,false,false,false,true,false,true,false,20,9,3050160,42.324,0.608,4.271
633,true,false,false,false,true,true,true,true,false,20,9,4266767,46.928,0.456,4.468
634,true,false,false,true,false,false,true,false,false,20,9,4822980,52.448,0.428,5.655
635,true,false,false,true,false,false,false,false,true,60,1,3612080,28.656,0.428,3.837
636,true,true,false,false,false,true,false,true,false,20,1,3067390,26.588,0.392,3.125
637,true,false,false,true,false,false,true,false,false,20,1,4862854,30.388,0.372,2.864
638,true,false,false,false,true,true,true,true,false,20,1,4280120,30.588,0.340,2.795
639,true,true,false,false,false,true,false,true,false,20,5,3048845,33.052,0.428,3.438
64,true,true,false,false,true,false,false,true,true,60,5,3126327,32.352,0.472,3.957
640,true,true,false,false,false,true,true,false,false,60,1,4215783,28.672,0.424,2.707
641,true,false,false,false,true,true,false,true,true,60,9,3193991,45.072,0.392,4.765
642,true,false,false,false,true,true,false,true,true,60,5,3198063,35.652,0.488,4.138
643,true,true,false,true,false,true,true,true,true,40,1,4883540,28.372,0.384,2.697
644,true,true,false,true,false,true,true,true,true,40,5,4878097,35.152,0.484,3.317
645,true,true,false,true,false,true,true,true,true,40,9,4870135,44.560,0.432,4.152
646,true,false,false,true,false,true,false,false,true,60,9,3598949,52.032,0.444,6.030
647,true,true,false,false,false,false,true,false,false,40,1,4210212,28.632,0.408,2.733
648,true,false,false,false,true,false,false,true,true,60,9,3176072,41.668,0.448,4.629
649,true,false,false,true,false,true,false,false,true,60,5,3609436,39.740,0.516,4.757
65,true,true,false,true,false,true,false,false,true,60,1,3583799,26.740,0.512,3.723
650,true,false,false,false,true,false,false,true,true,60,5,3179467,34.216,0.488,4.161
651,true,true,false,true,false,false,true,true,true,40,1,4872717,28.232,0.364,2.744
652,true,false,false,true,false,true,false,false,true,60,1,3625988,28.844,0.412,3.852
653,true,true,false,false,false,false,true,false,false,40,9,4164861,50.024,0.452,5.300
654,true,true,false,false,false,false,false,true,false,20,1,3055009,26.116,0.448,3.109
655,true,false,false,false,true,false,false,true,true,60,1,3194477,28.616,0.500,3.812
656,true,false,false,true,false,true,true,false,false,20,1,4873374,30.688,0.340,2.825
657,true,true,false,false,false,false,false,true,false,20,5,3032351,31.688,0.400,3.409
658,true,true,false,false,false,false,true,false,false,40,5,4168284,38.812,0.400,3.959
659,true,false,false,false,true,false,true,true,false,20,1,4272359,30.368,0.352,2.859
66,true,true,false,true,false,true,true,false,false,20,9,4779404,52.116,0.500,5.584
660,true,true,false,true,true,true,false,true,false,40,1,3598392,26.500,0.400,3.520
661,true,false,false,true,false,true,true,false,false,60,9,4837499,55.216,0.436,5.978
662,true,false,false,false,true,false,true,true,false,60,9,4257644,44.232,0.432,4.152
663,true,false,false,true,false,false,false,false,true,40,9,3571673,48.468,0.560,5.648
664,true,false,false,true,true,false,false,false,false,20,9,3558802,47.940,0.528,5.423
665,true,false,false,true,false,false,false,false,true,40,5,3582233,37.756,0.544,4.435
666,true,true,false,true,true,true,false,true,false,40,9,3583883,42.368,0.464,4.533
667,true,false,false,true,true,false,false,false,false,20,5,3565960,37.344,0.532,4.243
668,true,false,false,false,true,true,true,false,true,40,9,4295528,56.052,0.440,5.963
669,true,false,false,true,true,false,false,false,false,20,1,3594732,27.384,0.444,3.150
67,true,false,false,false,true,false,false,false,false,40,5,3140277,38.368,0.500,4.608
670,true,true,false,true,true,true,false,true,false,40,5,3588162,33.168,0.332,3.718
671,true,false,false,false,true,true,true,false,true,40,5,4300781,43.064,0.396,4.401
672,true,true,false,false,false,true,false,false,true,40,9,3077504,49.620,0.528,5.599
673,true,false,false,false,true,true,true,false,true,40,1,4326309,30.848,0.336,2.833
674,true,true,false,true,true,false,true,false,true,60,1,4922285,28.136,0.328,2.705
675,true,true,false,false,false,true,false,false,true,40,5,3082532,37.624,0.524,4.298
676,true,true,false,false,false,true,false,false,true,40,1,3112144,26.992,0.448,3.446
677,true,false,false,true,false,false,false,false,true,40,1,3608877,28.012,0.444,3.531
678,true,true,false,true,true,false,true,false,true,60,9,4871651,49.884,0.364,5.239
679,true,true,false,true,true,false,false,true,true,20,9,3562338,38.748,0.500,3.973
68,true,true,false,false,true,false,true,true,false,20,9,4235548,42.140,0.460,3.908
680,true,true,false,true,true,false,true,false,true,60,5,4884834,38.580,0.408,3.903
681,true,true,false,true,true,true,true,false,false,60,9,4820867,52.456,0.508,5.611
682,true,true,false,true,true,false,false,true,true,40,5,3599722,31.684,0.444,3.697
683,true,true,false,true,true,true,true,false,false,60,5,4828682,39.604,0.416,4.035
684,true,true,false,true,true,false,false,true,true,40,1,3615411,26.628,0.356,3.543
685,true,true,false,true,false,true,true,true,true,60,1,4883540,28.460,0.336,2.702
686,true,true,false,false,true,true,false,false,false,40,1,3139521,26.828,0.416,3.387
687,true,true,false,true,true,true,true,false,false,60,1,4879503,28.192,0.420,2.662
688,true,true,false,true,false,true,true,true,true,60,5,4878097,35.228,0.372,3.296
689,true,true,false,true,false,true,true,true,true,60,9,4870135,44.584,0.492,4.220
69,true,true,false,false,false,false,true,true,true,60,9,4231971,42.384,0.484,3.922
690,true,true,false,false,true,true,false,false,false,40,9,3098166,49.772,0.436,5.659
691,true,true,false,false,true,true,false,false,false,40,5,3101000,37.796,0.580,4.413
692,true,true,false,true,false,false,true,true,true,20,1,4872717,28.232,0.316,2.715
693,true,false,false,true,false,true,false,true,false,20,9,3565067,43.964,0.504,4.438
694,true,false,false,true,false,true,false,true,false,20,5,3566192,34.940,0.456,3.742
695,true,false,false,true,false,true,false,true,false,20,1,3564692,27.996,0.464,3.198
696,true,false,false,true,false,false,false,false,true,20,5,3550216,37.436,0.332,4.216
697,true,false,false,false,true,false,true,true,false,40,9,4257644,44.432,0.424,4.130
698,true,true,false,true,true,true,false,true,false,60,1,3603053,26.780,0.464,3.756
699,true,true,false,false,false,true,true,false,false,20,1,4215783,28.712,0.364,2.717
7,true,true,false,false,true,false,false,true,true,40,9,3124839,39.528,0.392,4.170
70,true,false,false,false,true,false,false,false,false,40,1,3168426,28.288,0.356,3.599
700,true,false,false,true,false,true,true,false,false,40,5,4845769,42.468,0.476,4.352
701,true,false,false,true,false,false,false,false,true,20,1,3579639,27.524,0.388,3.130
702,true,true,false,true,true,false,true,false,true,40,9,4871651,50.256,0.404,5.277
703,true,true,false,false,false,true,true,false,false,20,5,4175583,40.028,0.368,4.072
704,true,false,false,true,false,true,true,false,false,40,9,4837499,55.168,0.516,5.975
705,true,false,false,false,true,true,true,false,true,60,9,4295528,56.012,0.448,5.940
706,true,true,false,false,false,true,true,false,false,20,9,4173806,52.784,0.504,5.633
707,true,true,false,true,true,true,false,true,false,60,9,3584614,42.648,0.460,4.681
708,true,false,false,false,true,true,true,false,true,60,5,4300781,42.984,0.448,4.388
709,true,false,false,true,false,false,false,false,true,20,9,3542223,47.972,0.528,5.378
71,true,false,false,false,false,true,true,false,false,40,1,4243703,30.716,0.400,2.838
710,true,true,false,false,false,true,false,false,true,60,9,3080041,50.380,0.460,5.912
711,true,true,false,true,true,true,false,true,false,60,5,3591606,33.600,0.436,4.100
712,true,false,false,false,true,true,true,false,true,60,1,4326309,30.732,0.372,2.880
713,true,true,false,false,false,true,false,false,true,60,5,3083775,37.712,0.508,4.371
714,true,true,false,false,false,true,false,false,true,60,1,3114246,27.228,0.484,3.728
715,true,true,false,true,true,false,true,false,true,40,5,4884834,38.656,0.420,3.958
716,true,true,false,true,true,false,true,false,true,40,1,4922285,28.064,0.400,2.683
717,true,true,false,true,true,false,false,true,true,20,5,3569924,31.316,0.432,3.431
718,true,false,false,false,true,true,false,true,true,20,5,3169304,34.748,0.496,3.609
719,true,false,false,true,false,true,false,true,false,40,1,3590185,28.228,0.536,3.552
72,true,false,false,true,true,false,true,false,true,60,9,4921970,52.908,0.420,5.616
720,true,true,false,true,true,false,false,true,true,20,1,3585300,25.640,0.412,3.133
721,true,false,false,false,true,true,false,true,true,20,1,3176987,28.056,0.388,3.188
722,true,true,false,false,true,true,false,false,false,20,1,3114618,26.280,0.392,3.033
723,true,false,false,false,true,true,false,true,true,20,9,3169047,44.144,0.472,4.374
724,true,true,false,false,true,true,false,false,false,20,9,3073407,49.300,0.424,5.443
725,true,true,false,false,false,false,false,true,false,60,1,3080370,27.096,0.492,3.728
726,true,true,false,false,true,true,false,false,false,20,5,3074998,37.176,0.444,4.069
727,true,false,false,true,false,true,true,false,false,60,1,4873374,30.616,0.344,2.834
728,true,true,false,false,false,false,false,true,false,60,5,3058112,32.664,0.516,4.084
729,true,false,false,true,false,true,false,true,false,40,9,3591026,44.692,0.460,4.753
73,true,true,false,false,true,true,true,false,true,20,9,4262281,52.912,0.476,5.579
730,true,false,false,false,true,false,true,true,false,60,1,4272359,30.396,0.412,2.876
731,true,false,false,true,false,true,true,false,false,60,5,4845769,42.456,0.448,4.380
732,true,true,false,false,false,false,false,true,false,60,9,3057929,39.996,0.476,4.405
733,true,false,false,true,false,true,false,true,false,40,5,3597061,35.228,0.512,3.960
734,true,false,false,false,true,false,true,true,false,60,5,4253194,36.432,0.452,3.455
735,true,false,false,false,false,false,true,true,true,40,1,4277806,30.688,0.312,2.844
736,true,true,false,false,false,false,false,false,true,20,1,3073411,25.900,0.524,3.098
737,true,false,false,false,false,false,true,true,true,40,5,4263263,36.604,0.348,3.430
738,true,true,false,false,false,false,false,false,true,20,5,3041425,35.376,0.520,3.930
739,true,false,false,true,true,false,false,false,false,60,9,3588947,48.848,0.536,5.933
74,true,false,false,false,false,true,true,false,false,40,5,4212762,42.712,0.432,4.439
740,true,true,false,false,false,false,false,false,true,20,9,3034031,45.952,0.440,5.098
741,true,false,false,true,true,false,false,false,false,60,5,3596809,38.204,0.572,4.765
742,true,false,false,true,true,false,false,false,false,60,1,3624439,28.400,0.416,3.739
743,true,true,false,true,true,false,true,false,false,40,5,4816167,38.536,0.424,3.958
744,true,true,false,true,true,false,true,true,false,20,1,4869507,28.184,0.368,2.728
745,true,true,false,true,true,false,true,false,false,40,9,4810441,49.852,0.420,5.311
746,true,true,false,true,true,false,true,true,false,20,5,4849162,33.836,0.404,3.184
747,true,false,false,false,false,true,true,true,true,20,1,4286721,30.708,0.468,2.841
748,true,false,false,false,false,true,true,true,true,20,5,4276179,37.788,0.464,3.544
749,true,true,false,true,true,false,true,true,false,20,9,4843565,41.944,0.440,3.933
75,true,false,false,false,false,true,false,true,false,20,9,3109001,44.404,0.536,4.462
750,true,false,false,false,false,true,true,true,true,20,9,4273589,47.064,0.480,4.376
751,true,true,false,false,false,false,true,false,true,20,5,4214369,38.944,0.404,3.952
752,true,true,false,false,false,false,true,false,true,20,9,4207345,50.096,0.376,5.245
753,true,true,false,true,true,false,true,false,false,60,1,4869507,28.048,0.448,2.741
754,true,true,false,false,false,false,true,false,true,20,1,4252571,28.628,0.304,2.739
755,true,true,false,true,true,false,true,false,false,60,5,4816167,38.496,0.380,3.962
756,true,true,false,true,true,false,true,true,false,40,1,4869507,28.024,0.364,2.663
757,true,false,false,false,false,false,true,true,true,20,9,4263062,44.536,0.360,4.103
758,true,false,false,false,false,false,true,true,true,60,5,4263263,36.472,0.384,3.407
759,true,false,false,false,true,true,true,false,true,20,9,4295528,55.896,0.564,5.925
76,true,true,false,false,false,false,true,true,true,60,1,4252571,28.600,0.380,2.714
760,true,false,false,true,true,false,false,false,false,40,9,3584662,48.240,0.628,5.577
761,true,false,false,false,false,false,true,true,true,60,9,4263062,44.640,0.384,4.141
762,true,false,false,false,true,true,true,false,true,20,5,4300781,43.104,0.400,4.393
763,true,false,false,true,true,false,false,false,false,40,5,3592249,37.940,0.496,4.620
764,true,false,false,false,true,true,true,false,true,20,1,4326309,30.696,0.380,2.825
765,true,false,false,true,true,false,false,false,false,40,1,3621692,28.052,0.428,3.463
766,true,false,false,false,false,false,true,true,true,60,1,4277806,30.556,0.392,2.830
767,true,false,false,false,false,true,true,true,true,40,1,4286721,30.812,0.360,2.853
768,true,true,false,true,true,false,true,false,false,20,5,4816167,38.504,0.356,3.932
769,true,false,false,false,false,true,true,true,true,40,5,4276179,37.788,0.420,3.557
77,true,false,false,false,false,true,true,false,false,40,9,4215327,55.700,0.492,6.043
770,true,true,false,true,true,false,true,false,false,20,9,4810441,49.684,0.492,5.317
771,true,false,false,false,false,true,true,true,true,40,9,4273589,47.124,0.520,4.403
772,true,false,false,false,false,false,false,false,false,20,1,3104109,27.716,0.492,3.191
773,true,true,false,true,true,false,false,true,true,40,9,3591806,39.376,0.508,4.222
774,true,true,false,true,true,false,false,true,true,60,9,3594572,39.484,0.468,4.369
775,true,false,false,false,false,false,false,false,false,20,5,3076067,37.820,0.456,4.320
776,true,true,false,true,true,false,false,true,true,60,5,3602272,32.044,0.428,3.976
777,true,false,false,false,false,false,false,false,false,20,9,3075768,48.844,0.464,5.535
778,true,true,false,true,true,false,false,true,true,60,1,3617673,26.848,0.388,3.846
779,true,true,false,true,true,false,false,true,false,20,9,3534875,39.104,0.396,4.034
78,true,true,false,false,true,true,true,false,true,20,5,4271269,40.496,0.396,4.077
780,true,true,false,true,true,false,false,true,false,20,5,3540288,31.140,0.436,3.391
781,true,true,false,true,true,false,true,false,false,40,1,4869507,28.108,0.388,2.689
782,true,true,false,true,true,false,false,true,false,20,1,3558145,25.672,0.316,3.108
783,true,false,false,false,false,false,true,true,true,40,9,4263062,44.304,0.432,4.134
784,true,true,false,false,false,false,false,true,true,40,1,3100840,26.780,0.400,3.453
785,true,true,false,false,false,false,false,false,true,60,5,3065970,36.232,0.520,4.368
786,true,true,false,false,false,false,false,false,true,60,9,3061272,46.676,0.564,5.428
787,true,true,false,false,false,false,false,true,true,40,5,3077094,32.244,0.452,3.774
788,true,true,false,false,false,false,false,true,true,40,9,3076061,39.836,0.448,4.262
789,true,false,false,true,false,true,true,false,true,40,5,4908972,42.624,0.468,4.386
79,true,true,false,false,false,false,true,true,true,60,5,4234206,34.444,0.384,3.246
790,true,false,false,true,false,true,false,false,true,20,9,3571247,51.376,0.564,5.666
791,true,false,false,true,false,true,true,false,true,40,1,4931572,30.712,0.400,2.901
792,true,false,false,false,false,true,true,true,true,60,1,4286721,30.768,0.360,2.839
793,true,true,false,false,false,true,false,true,false,40,9,3070912,42.796,0.444,4.426
794,true,true,false,true,true,false,true,true,false,60,5,4849162,33.948,0.428,3.290
795,true,false,false,true,false,true,true,false,true,40,9,4900900,55.640,0.472,5.930
796,true,false,false,false,false,true,true,true,true,60,5,4276179,37.768,0.404,3.543
797,true,true,false,true,true,false,true,true,false,60,9,4843565,41.684,0.444,3.879
798,true,false,false,false,false,true,true,true,true,60,9,4273589,47.028,0.488,4.367
799,true,true,false,false,false,true,false,true,false,40,1,3091475,26.976,0.448,3.510
8,true,false,false,true,true,true,true,false,true,40,5,4948885,42.572,0.488,4.330
80,true,true,false,false,true,true,true,false,true,20,1,4310790,28.792,0.312,2.685
800,true,true,false,false,false,true,false,false,false,60,5,3061986,37.820,0.476,4.537
801,true,true,false,false,false,true,false,false,false,60,9,3055943,49.792,0.508,5.831
802,true,true,false,false,false,true,false,true,false,40,5,3073875,33.620,0.464,3.763
803,true,false,false,true,true,false,true,true,true,60,9,4954740,44.256,0.492,4.121
804,true,true,false,false,false,false,true,false,true,60,9,4207345,50.296,0.432,5.248
805,true,false,false,true,true,false,true,true,true,60,5,4961306,36.360,0.316,3.429
806,true,true,false,false,false,true,false,true,false,60,1,3093035,27.092,0.476,3.656
807,true,true,false,false,false,false,true,false,false,20,9,4164861,50.120,0.376,5.309
808,true,true,false,false,false,false,true,false,true,60,1,4252571,28.536,0.384,2.705
809,true,true,false,true,true,false,false,true,false,40,9,3559743,38.892,0.596,4.228
81,true,true,false,false,false,true,true,true,true,60,5,4246761,35.684,0.392,3.347
810,true,true,false,false,false,false,true,false,true,60,5,4214369,38.932,0.432,3.952
811,true,true,false,true,true,false,false,true,false,40,5,3566479,31.632,0.480,3.732
812,true,true,false,true,true,false,false,true,false,40,1,3583663,26.196,0.472,3.509
813,true,false,false,true,false,true,false,false,true,40,5,3605168,39.612,0.564,4.615
814,true,false,false,true,false,true,false,true,true,20,1,3594245,27.972,0.420,3.174
815,true,false,false,true,false,true,false,false,true,40,1,3622362,28.312,0.420,3.529
816,true,false,false,true,true,false,true,true,true,60,1,4965148,30.284,0.460,2.807
817,true,true,false,false,false,false,true,false,false,20,5,4168284,38.816,0.400,3.965
818,true,true,false,false,false,false,false,false,true,60,1,3103726,27.188,0.428,3.797
819,true,true,false,false,false,false,true,false,false,20,1,4210212,28.544,0.308,2.690
82,true,true,false,true,false,false,true,false,false,20,9,4766466,49.568,0.468,5.290
820,true,false,false,false,false,false,true,true,true,20,1,4277806,30.520,0.416,2.818
821,true,true,false,false,false,false,false,false,true,40,1,3100840,26.856,0.388,3.505
822,true,true,false,false,false,false,false,true,true,20,1,3073411,25.996,0.408,3.040
823,true,false,false,false,false,false,true,true,true,20,5,4263263,36.360,0.444,3.412
824,true,true,false,false,false,false,false,false,true,40,5,3063832,35.740,0.524,4.121
825,true,true,false,false,false,false,false,true,true,20,5,3052941,31.812,0.404,3.378
826,true,true,false,false,false,false,false,false,true,40,9,3058864,46.372,0.512,5.269
827,true,false,false,true,false,true,true,false,true,20,5,4908972,42.688,0.412,4.353
828,true,true,false,false,false,false,false,true,true,20,9,3051790,39.324,0.424,3.935
829,true,false,false,true,false,true,true,false,true,20,1,4931572,30.808,0.404,2.913
83,true,false,false,false,false,true,false,true,false,20,1,3118367,28.340,0.356,3.200
830,true,true,false,true,true,false,true,false,false,60,9,4810441,49.560,0.508,5.284
831,true,true,false,true,true,false,true,true,false,40,5,4849162,33.884,0.372,3.223
832,true,true,false,true,true,false,true,true,false,40,9,4843565,41.772,0.436,3.901
833,true,false,false,true,false,true,true,false,true,20,9,4900900,55.528,0.504,5.892
834,true,true,false,false,false,true,false,true,false,60,5,3076946,33.876,0.532,4.090
835,true,true,false,false,false,true,false,true,false,60,9,3076515,43.480,0.544,4.815
836,true,true,false,false,false,false,true,false,true,40,9,4207345,50.360,0.460,5.274
837,true,false,false,false,false,true,true,true,false,60,1,4243703,30.652,0.396,2.819
838,true,false,false,false,false,true,true,true,false,60,5,4232322,37.684,0.408,3.535
839,true,true,false,false,false,false,true,false,true,40,1,4252571,28.676,0.308,2.743
84,true,true,false,true,false,false,false,false,true,60,1,3568312,26.596,0.424,3.847
840,true,false,false,false,false,true,true,true,false,60,9,4233402,46.940,0.524,4.471
841,true,true,false,true,true,false,false,true,false,60,9,3563020,39.480,0.556,4.494
842,true,true,false,false,false,false,true,false,true,40,5,4214369,38.928,0.408,3.936
843,true,true,false,true,true,false,true,true,false,60,1,4869507,28.132,0.372,2.710
844,true,false,false,true,false,true,false,false,true,20,5,3579763,39.008,0.420,4.297
845,true,true,false,true,true,false,false,true,false,60,5,3569057,32.060,0.548,4.069
846,true,false,false,true,false,true,false,false,true,20,1,3594245,28.016,0.488,3.229
847,true,true,false,true,true,false,false,true,false,60,1,3586763,26.608,0.460,3.797
848,true,false,false,true,true,false,false,false,true,40,5,3622940,37.784,0.520,4.456
849,true,false,false,false,false,false,true,true,false,60,9,4220497,44.480,0.400,4.198
85,true,true,false,false,false,true,true,true,true,60,9,4243720,44.872,0.544,4.206
850,true,false,false,true,true,false,false,false,true,40,9,3612454,48.796,0.556,5.716
851,true,true,false,false,true,true,false,false,true,40,9,3122577,49.596,0.544,5.453
852,true,true,false,false,false,true,false,true,true,60,9,3097528,43.408,0.512,4.665
853,true,false,false,false,true,true,true,true,true,60,9,4310035,46.976,0.500,4.383
854,true,false,false,true,false,true,false,true,true,40,9,3619154,44.644,0.488,4.649
855,true,false,false,false,true,true,true,true,true,60,5,4312094,37.712,0.456,3.500
856,true,false,false,true,true,true,true,true,true,20,5,4971454,37.584,0.416,3.497
857,true,true,false,false,false,true,false,true,true,60,1,3114246,27.336,0.428,3.803
858,true,false,false,false,true,true,true,false,false,20,5,4249384,42.812,0.484,4.440
859,true,false,false,true,false,false,true,true,false,20,5,4852640,36.336,0.460,3.458
86,true,false,false,false,false,true,false,true,false,20,5,3110747,34.876,0.392,3.612
860,true,true,false,false,false,true,false,false,false,20,9,3033876,49.168,0.420,5.402
861,true,false,false,false,true,true,true,true,true,60,1,4326309,30.860,0.376,2.877
862,true,false,false,true,true,true,true,true,true,20,1,4977216,30.844,0.276,2.880
863,true,true,false,false,false,true,false,true,true,60,5,3098413,34.160,0.544,4.101
864,true,false,false,false,true,true,true,false,false,20,9,4250830,55.608,0.492,5.982
865,true,false,false,true,false,false,true,true,false,20,9,4853029,44.480,0.436,4.143
866,true,true,false,false,true,false,true,false,false,20,1,4259350,28.368,0.396,2.667
867,true,false,false,false,false,false,true,true,false,60,5,4219208,36.460,0.424,3.442
868,true,true,false,false,true,false,true,false,false,20,5,4214962,38.904,0.424,3.956
869,true,true,false,false,false,true,false,false,false,20,1,3067390,26.336,0.344,3.026
87,true,false,false,true,true,false,false,true,true,40,9,3640307,41.176,0.484,4.374
870,true,false,false,false,false,false,true,true,false,60,1,4231791,30.540,0.360,2.862
871,true,false,false,false,true,true,true,false,false,20,1,4280120,30.712,0.380,2.862
872,true,false,false,true,false,false,true,true,false,20,1,4862854,30.508,0.364,2.825
873,true,true,false,false,false,true,false,false,false,20,5,3034043,37.076,0.476,4.041
874,true,true,false,false,true,false,true,false,false,20,9,4213500,50.256,0.480,5.323
875,true,true,false,false,true,false,true,true,true,40,1,4302746,28.552,0.336,2.718
876,true,true,false,true,false,true,true,false,true,40,1,4883540,28.356,0.348,2.681
877,true,true,false,true,false,false,false,true,true,20,9,3518175,38.868,0.468,3.925
878,true,true,false,false,true,false,true,true,true,40,5,4279558,34.244,0.404,3.216
879,true,true,false,true,false,false,false,true,true,20,5,3523610,31.196,0.484,3.367
88,true,true,false,true,false,false,true,false,false,20,1,4819393,28.076,0.344,2.712
880,true,true,false,false,false,true,false,false,false,40,1,3091475,26.808,0.460,3.557
881,true,false,false,false,false,true,true,true,false,40,1,4243703,30.784,0.332,2.836
882,true,true,false,false,true,false,true,true,true,40,9,4277111,42.180,0.416,3.932
883,true,true,false,true,false,true,true,false,true,40,9,4837768,52.392,0.504,5.499
884,true,false,false,false,false,true,true,true,false,40,5,4232322,37.616,0.416,3.542
885,true,false,false,true,true,true,true,true,true,20,9,4966394,47.020,0.320,4.354
886,true,true,false,true,false,true,true,false,true,40,5,4848607,39.884,0.440,4.054
887,true,false,false,false,false,true,true,true,false,40,9,4233402,46.924,0.472,4.436
888,true,false,false,true,false,true,false,true,true,60,5,3632387,35.652,0.456,4.150
889,true,true,false,false,false,false,false,false,false,60,1,3080370,27.132,0.400,3.771
89,true,false,false,true,true,false,true,false,true,60,5,4935774,41.368,0.364,4.242
890,true,false,false,true,false,true,false,true,true,60,1,3625988,29.112,0.404,3.893
891,true,true,false,false,false,false,false,false,false,60,5,3042962,36.684,0.516,4.630
892,true,true,false,true,false,false,false,true,true,20,1,3533817,25.812,0.368,3.153
893,true,true,false,false,false,false,false,false,false,60,9,3041772,46.780,0.516,5.576
894,true,true,false,false,true,true,false,false,true,40,5,3126338,37.640,0.552,4.304
895,true,false,false,true,true,false,false,false,true,40,1,3650318,28.144,0.464,3.651
896,true,true,false,false,true,true,false,false,true,40,1,3160707,27.160,0.388,3.420
897,true,false,false,true,true,false,false,false,true,60,9,3617245,48.988,0.516,5.789
898,true,true,false,false,false,false,false,true,true,60,1,3103726,27.372,0.436,3.928
899,true,true,false,false,true,true,false,false,true,20,9,3097249,49.204,0.512,5.408
9,true,false,false,true,false,true,true,true,true,60,9,4926657,47.088,0.388,4.395
90,true,true,false,true,false,false,false,false,true,60,9,3521266,45.808,0.588,5.446
900,true,true,false,false,false,false,false,true,true,60,5,3081393,32.312,0.536,3.974
901,true,false,false,true,false,true,false,true,true,20,9,3596084,44.100,0.476,4.395
902,true,true,false,false,false,false,false,true,true,60,9,3079571,40.088,0.408,4.427
903,true,true,false,true,false,false,false,false,false,20,1,3508747,25.656,0.284,3.084
904,true,false,false,true,false,true,false,true,true,20,5,3599942,34.876,0.480,3.622
905,true,false,false,false,true,true,true,false,false,40,9,4250830,55.856,0.492,6.092
906,true,false,false,false,false,true,true,true,false,20,9,4233402,46.940,0.512,4.422
907,true,false,false,true,true,true,true,true,true,40,5,4971454,37.600,0.456,3.530
908,true,true,false,false,true,false,true,false,false,40,1,4259350,28.476,0.384,2.728
909,true,false,false,true,true,true,true,true,true,40,1,4977216,30.664,0.356,2.854
91,true,false,false,false,true,false,false,false,false,40,9,3136716,49.396,0.484,5.790
910,true,false,false,false,true,true,true,false,false,40,1,4280120,30.648,0.364,2.822
911,true,true,false,false,true,false,true,false,false,40,5,4214962,38.940,0.468,4.005
912,true,true,false,false,false,true,false,false,false,40,5,3059996,37.500,0.516,4.323
913,true,false,false,false,true,true,true,false,false,40,5,4249384,42.580,0.552,4.406
914,true,true,false,false,false,true,false,false,false,40,9,3054781,49.644,0.560,5.675
915,true,true,false,false,true,false,true,false,false,40,9,4213500,50.356,0.472,5.336
916,true,false,false,false,true,false,false,true,false,20,1,3141515,27.424,0.476,3.097
917,true,true,false,true,false,true,true,false,true,60,5,4848607,39.884,0.412,4.053
918,true,true,false,false,true,false,true,true,true,60,1,4302746,28.512,0.440,2.726
919,true,false,false,true,false,true,false,false,false,20,1,3564692,27.784,0.392,3.155
92,true,false,false,true,true,false,false,true,true,40,5,3644988,33.708,0.480,3.900
920,true,true,false,false,true,false,true,true,true,60,5,4279558,34.164,0.472,3.212
921,true,true,false,true,false,true,true,false,true,60,1,4883540,28.324,0.388,2.729
922,true,true,false,true,false,false,false,true,true,40,9,3542766,39.024,0.492,4.086
923,true,true,false,false,false,true,false,false,false,60,1,3093035,27.468,0.416,3.717
924,true,false,false,false,false,true,true,true,false,20,1,4243703,30.732,0.392,2.888
925,true,true,false,false,true,false,true,true,true,60,9,4277111,42.184,0.416,3.893
926,true,false,false,false,false,true,true,true,false,20,5,4232322,37.568,0.412,3.525
927,true,true,false,true,false,true,true,false,true,60,9,4837768,52.480,0.432,5.514
928,true,false,false,true,true,true,true,true,true,40,9,4966394,46.832,0.476,4.403
929,true,false,false,true,false,true,false,true,true,40,5,3631162,35.252,0.496,3.877
93,true,true,false,true,false,false,true,false,false,20,5,4774559,38.496,0.404,3.953
930,true,true,false,true,false,false,false,false,false,20,5,3472262,35.028,0.468,3.975
931,true,false,false,true,false,true,false,true,true,40,1,3622362,28.456,0.388,3.505
932,true,true,false,false,false,false,false,false,false,40,1,3078743,26.748,0.372,3.458
933,true,true,false,true,false,false,false,false,false,20,9,3464367,45.340,0.564,5.115
934,true,false,false,false,true,false,false,true,false,20,9,3124665,41.172,0.452,4.189
935,true,true,false,false,false,false,false,false,false,40,5,3041260,36.000,0.464,4.236
936,true,true,false,false,true,true,false,false,true,20,5,3101278,37.116,0.460,4.030
937,true,false,false,true,true,false,false,false,true,60,1,3653798,28.128,0.528,3.721
938,true,true,false,true,false,false,false,true,true,40,5,3551354,31.768,0.416,3.707
939,true,false,false,true,false,true,false,false,false,20,9,3542156,51.164,0.464,5.707
94,true,false,false,true,true,false,true,false,true,60,1,4965148,30.456,0.364,2.858
940,true,true,false,false,false,false,false,false,false,40,9,3036115,46.484,0.412,5.333
941,true,true,false,false,true,true,false,false,true,20,1,3136221,26.616,0.324,3.100
942,true,false,false,false,true,false,false,true,false,20,5,3126672,33.332,0.448,3.557
943,true,false,false,true,true,false,false,false,true,60,5,3629036,38.228,0.584,4.698
944,true,true,false,true,false,false,false,true,true,40,1,3564933,26.180,0.440,3.435
945,true,false,false,true,false,true,false,false,false,20,5,3550068,39.036,0.424,4.320
946,true,true,false,true,true,true,false,false,false,60,5,3567836,37.596,0.540,4.526
947,true,false,false,false,false,false,true,true,false,20,9,4220497,44.504,0.408,4.166
948,true,true,false,true,true,true,false,false,false,60,1,3603053,26.804,0.416,3.700
949,true,false,false,false,false,false,true,true,false,20,5,4219208,36.472,0.404,3.427
95,true,true,false,true,false,false,false,false,true,60,5,3532833,35.600,0.568,4.390
950,true,true,false,true,true,false,true,true,true,40,9,4896846,41.776,0.352,3.880
951,true,false,false,false,true,true,true,true,true,20,9,4310035,46.948,0.408,4.336
952,true,true,false,false,false,true,false,true,true,20,5,3071363,33.160,0.492,3.506
953,true,false,false,false,true,true,true,true,true,20,5,4312094,37.684,0.392,3.473
954,true,true,false,false,false,true,false,true,true,20,9,3070295,42.420,0.492,4.185
955,true,true,false,true,true,true,false,false,false,60,9,3558796,49.668,0.548,5.872
956,true,false,false,false,true,true,true,true,true,20,1,4326309,30.740,0.388,2.843
957,true,false,false,true,true,true,true,true,true,60,9,4966394,46.924,0.432,4.392
958,true,true,false,false,true,false,true,false,false,60,1,4259350,28.364,0.380,2.674
959,true,false,false,true,true,true,true,true,true,60,5,4971454,37.580,0.472,3.510
96,true,false,false,false,false,false,true,false,false,40,9,4200476,53.124,0.460,5.707
960,true,true,false,false,false,true,false,true,true,20,1,3086070,26.492,0.388,3.100
961,true,true,false,false,true,false,true,false,false,60,5,4214962,38.960,0.412,3.960
962,true,false,false,true,true,true,true,true,true,60,1,4977216,30.552,0.380,2.814
963,true,false,false,false,false,false,true,true,false,20,1,4231791,30.520,0.324,2.838
964,true,true,false,true,true,false,true,true,true,40,5,4908535,33.860,0.432,3.207
965,true,true,false,false,true,false,true,false,false,60,9,4213500,50.064,0.476,5.280
966,true,true,false,true,false,true,true,true,false,20,1,4827804,28.184,0.404,2.663
967,true,true,false,true,true,false,true,true,true,40,1,4922285,28.236,0.348,2.748
968,true,false,false,true,false,true,false,false,false,40,1,3590185,28.280,0.412,3.440
969,true,true,false,true,false,true,true,true,false,20,5,4818076,35.356,0.424,3.417
97,true,true,false,false,true,true,false,true,true,60,9,3140794,43.136,0.444,4.629
970,true,false,false,false,true,false,false,true,false,40,5,3149963,33.812,0.476,3.852
971,true,true,false,true,false,true,true,true,false,20,9,4809517,44.488,0.424,4.207
972,true,false,false,false,true,false,false,true,false,40,1,3168426,28.164,0.464,3.510
973,true,true,false,true,true,false,true,false,false,20,1,4869507,28.056,0.384,2.726
974,true,true,false,false,true,true,false,true,false,20,5,3095624,32.976,0.380,3.476
975,true,true,false,false,true,true,false,true,false,20,1,3114618,26.316,0.408,3.068
976,true,false,false,true,false,true,false,false,false,40,9,3569245,51.920,0.476,5.991
977,true,true,false,false,true,true,false,true,false,20,9,3091222,42.476,0.572,4.324
978,true,false,false,true,false,true,false,false,false,40,5,3575525,39.624,0.496,4.662
979,true,false,false,false,true,false,false,true,false,40,9,3150861,41.596,0.484,4.462
98,true,true,false,false,false,true,true,true,true,40,1,4261016,28.788,0.340,2.717
980,true,true,false,true,true,false,true,true,true,20,9,4896846,41.928,0.364,3.882
981,true,false,false,false,false,false,true,true,false,40,9,4220497,44.440,0.424,4.155
982,true,false,false,true,true,true,true,true,false,60,5,4906242,37.436,0.380,3.539
983,true,false,false,true,true,false,false,false,true,20,5,3595947,37.328,0.396,4.150
984,true,true,false,true,true,false,true,true,true,20,5,4908535,33.956,0.360,3.242
985,true,false,false,false,true,true,true,true,true,40,9,4310035,47.196,0.356,4.476
986,true,false,false,false,false,false,true,true,false,40,5,4219208,36.400,0.412,3.426
987,true,false,false,true,true,true,true,true,false,60,1,4919424,30.608,0.388,2.864
988,true,false,false,true,true,false,false,false,true,20,9,3587885,48.160,0.476,5.436
989,true,false,false,false,true,true,true,true,true,40,5,4312094,37.552,0.556,3.508
99,true,false,false,true,true,true,false,true,false,60,9,3635749,44.844,0.528,4.880
990,true,true,false,false,false,true,false,true,true,40,5,3094293,33.668,0.504,3.839
991,true,false,false,false,true,true,true,true,true,40,1,4326309,30.744,0.428,2.856
992,true,true,false,false,false,true,false,true,true,40,9,3095237,42.828,0.556,4.413
993,true,false,false,true,false,true,false,true,true,60,9,3625201,44.996,0.524,4.900
994,true,true,false,false,false,true,false,true,true,40,1,3112144,26.756,0.436,3.382
995,true,true,false,true,true,false,true,true,true,20,1,4922285,28.024,0.372,2.732
996,true,true,false,true,false,true,true,true,false,40,1,4827804,28.224,0.336,2.670
997,true,false,false,false,false,false,true,true,false,40,1,4231791,30.628,0.360,2.881
998,true,true,false,true,false,true,true,true,false,40,5,4818076,35.184,0.336,3.305
999,true,false,false,true,true,true,true,true,false,60,9,4908061,46.692,0.548,4.395
